CPUpcntbusy,'Network:total packets/s',SDApcntbusy,memory:pgpgin/s,memory:pgpgout/s,java_totcpu,java_pctcpu,java_rss,java_avgmem_t,java_totcpu_t,puppet_totcpu,puppet_pctcpu,puppet_rss,puppet_avgmem_t,puppet_totcpu_t,sendmail_rss,sendmail_avgmem_t,Crash
9.783784,51.353333,0.0675,0.346667,34.513333,458.73996,9.553891,1405892.8,2135062.4,7781.36,?,?,?,?,?,1792,57712,No
3.013978,67.256667,0.0865,0.393333,37.506667,136.85,2.850067,624823.2,947260.4,7919.8,?,?,?,?,?,1792,57712,No
5.551262,62.066667,0.051833,0,30.9,262.08,5.47913,1093426.4,1657166,8182.72,?,?,?,?,?,1792,57712,No
0.261858,66.786667,0.069833,0,27.18,8.25,0.171821,312425.6,473476,8192.59,?,?,?,?,?,1792,57712,No
0.551632,100.943333,0.053833,0,29.76,17.06,0.355296,624874,946952,8211.92,?,?,?,?,?,1792,57712,No
11.219271,50.793333,0.0725,0.44,30.966667,534.78,11.158342,1405936.8,2128791.6,8746.97,?,?,?,?,?,1792,57712,No
13.820149,63.276667,0.099,0.373333,57.266667,600.74,12.511246,1561928,2362034.4,9347.71,36.22,0.754334,88596,109466,7453.33,1792,57712,No
1.265345,70.103333,0.063,0.346667,41.18,52.89,1.10149,937154.4,1416727.2,9401.69,?,?,?,?,?,1792,57712,No
0.709329,69.88,0.083167,0,37.026667,25.33,0.527531,1093401.6,1652848.4,9427.83,?,?,?,?,?,1792,57712,No
0.852233,64.506667,0.072667,0,33.54,37.24,0.777037,1249648.8,1888969.6,9465.63,?,?,?,?,?,1792,57712,No
1.552198,96.523333,0.0635,0,34.653333,69.53,1.44805,1249699.2,1888969.6,9535.69,?,?,?,?,?,1792,57712,No
2.640877,62.44,0.087667,0,35.126667,123.159996,2.564987,1562144.4,2361212,9658.85,?,?,?,?,?,1792,57712,No
6.505608,387.011647,0.06406,0,51.540765,293.16,6.119015,1562183.6,2361212,9952.01,?,?,?,?,?,1792,57712,No
11.997054,1149.292154,0.070952,0,56.267112,565.23004,11.77197,1562205.6,2361212,10517.24,?,?,?,?,?,1792,57712,No
13.65516,516.096667,0.069667,0,44.993333,600.18005,12.499714,1562190.4,2360389.6,11117.42,35.67,0.742889,88369.2,109238.8,7489,1792,57712,No
1.375961,24.24,0.070833,0,29.52,59.96,1.248724,156214,235915.6,11177.38,?,?,?,?,?,1792,57712,No
2.629825,66.926667,0.137833,3.18,52.015,110.450005,2.300301,518573.6,1298546.4,110.86,?,?,?,?,?,1792,57712,No
0.221652,63.54,0.0755,0,39.14,3.5,0.072893,330496.4,676926,116.15,?,?,?,?,?,1792,57712,No
0.302689,79.716667,0.080833,0,63.586667,1.4,0.029158,219646.8,451386.8,121.57,?,?,?,?,?,1792,57712,No
0.411013,373.613333,0.105667,0,71.04,6.09,0.127012,447056.8,902979.2,129.49,?,?,?,?,?,1792,57712,No
0.267303,213.166667,0.083333,0,56.966667,2.57,0.053523,335966.8,677234.4,135.29,?,?,?,?,?,1792,57712,No
0.395184,473.176667,0.126,0.533333,81.54,1.53,0.031865,222945.2,451489.6,139.15,?,?,?,?,?,1792,57712,No
0.281025,83.07,0.097167,0,57.993333,3.8,0.079145,336994,680971.2,146.42,?,?,?,?,?,1792,57712,No
1.29075,93.72,0.083333,0.006667,71.973333,1.15,0.02395,224192,453980.8,151.19,35.02,0.729147,88144,109014,7524.02,1792,57712,No
0.284565,85.276667,0.081167,0,62.886667,?,?,?,?,?,?,?,?,?,?,1792,57712,No
0.288731,82.893333,0.098667,0,61.333333,2.02,0.042068,328194.8,680971.2,157.91,?,?,?,?,?,1792,57712,No
0.226653,82.98,0.0835,0,56.78,2.06,0.042903,324934,680971.2,163.68,?,?,?,?,?,1792,57712,No
0.215194,80.86,0.086833,0,58.293333,0.58,0.012079,108047.6,226990.4,166.03,?,?,?,?,?,1792,57712,No
0.218475,82.916667,0.0945,0,57.466667,1.78,0.03707,324214.4,680971.2,171.35,?,?,?,?,?,1792,57712,No
0.250817,84.536667,0.083,0.006667,59.093333,3.1,0.064562,432462,907961.6,177.1,?,?,?,?,?,1792,57712,No
0.291648,89.126667,0.099333,0,63.653333,1.47,0.030615,216292,453980.8,180.76,?,?,?,?,?,1792,57712,No
0.277065,81.776667,0.080333,0,62.126667,1.6,0.033322,216512.8,453980.8,184.71,?,?,?,?,?,1075.2,34627.2,No
1.329081,93.233333,0.0925,0,70.365,1.58,0.032905,217266.8,453980.8,189.07,39.239998,0.817231,88222.8,109104.4,7563.71,?,?,Yes
0.246233,83.266667,0.0825,0,58.366667,2.47,0.051441,329060.8,680971.2,195.32,?,?,?,?,?,?,?,No
0.562257,81.733333,0.092333,0,60.526667,18.890001,0.39341,618020.8,1161166.4,215.67,?,?,?,?,?,?,?,No
0.26769,83.28,0.083,0,61.153333,4.06,0.084555,634633.6,1167720,222.03,?,?,?,?,?,?,?,No
0.340129,83.333333,0.102,0.006667,63.96,2.91,0.060606,134612.8,233544,226.33,?,?,?,?,?,?,?,No
0.292898,84.046667,0.080833,0,64.173333,1.96,0.041014,403916,700632,232.2,?,?,?,?,?,?,?,No
0.226236,82.766667,0.0945,0,58.8,1.24,0.025825,269316.4,467088,235.59,?,?,?,?,?,?,?,No
0.234985,82.02,0.081167,0,73.073333,2.15,0.044777,538716.8,934176,242.01,?,?,?,?,?,?,?,No
0.610793,86.756667,1.495333,105.026667,71.493333,0.52,0.01083,134082,233544,244.47,?,?,?,?,?,716.8,23084.8,No
1.605111,182.15,0.103667,0.001667,75.318333,14.07,0.293036,906508,1634808,261.2,36.42,0.758497,88862,109740,7600.13,1792,57712,No
0.419344,113.21,0.0975,0.006667,66.313333,9.39,0.195561,973269.6,1868352,271.51,?,?,?,?,?,1792,57712,No
0.504967,130.39,0.097667,0,62.413333,14.690001,0.305942,1193125.6,2335440,286.2,?,?,?,?,?,1792,57712,No
0.70968,258.31,0.116667,0,72.533333,15.540001,0.323984,1217696.4,2107447.2,302.21,?,?,?,?,?,1792,57712,No
0.293315,167.496667,0.077333,0,60.38,4.76,0.099133,812955.2,1404964.8,308.87,?,?,?,?,?,1792,57712,No
0.327686,164.336667,0.1005,0,57.433333,7.19,0.149741,1218038.4,2107447.2,316.06,?,?,?,?,?,1792,57712,No
0.247485,143.503333,0.062833,0,33.426667,7.11,0.148483,1212892.4,2107447.2,324.12,?,?,?,?,?,1792,57712,No
0.262067,148.933333,0.0565,0,34.646667,5.11,0.106424,1071020,1873286.4,330.19,?,?,?,?,?,1792,57712,No
0.267066,146.563333,0.075667,0,34.92,3.92,0.08164,666016.4,1170804,335.93,?,?,?,?,?,1792,57712,No
1.246998,188.456667,0.064167,0,44.413333,5.250001,0.10934,1068678.8,1873286.4,342.53,35.2,0.733081,88142.4,109012,7635.33,1792,57712,No
0.210612,150.806667,0.049667,0,30.273333,4.61,0.096272,930703.2,1639125.6,348.51,?,?,?,?,?,1792,57712,No
0.509564,129.486667,0.073167,0,34.52,18.86,0.392788,849846.4,1405684.4,368.67,?,?,?,?,?,1792,57712,No
0.279358,153.21,0.0495,0,31.993333,9.77,0.203476,1449054,2344692,378.81,?,?,?,?,?,1792,57712,No
0.273317,151.023333,0.072333,0,35.426667,4.97,0.103508,1003484,1641284.4,385.19,?,?,?,?,?,1792,57712,No
0.284356,145.976667,0.057167,0,34.933333,6.41,0.133498,1290905.2,2110222.8,392.09,?,?,?,?,?,1792,57712,No
0.230818,179.166667,0.062667,0,30.466667,6.76,0.140787,1440914.4,2344692,398.85,?,?,?,?,?,1792,57712,No
0.204778,142.083333,0.066667,0,28.666667,6.75,0.14058,1449578,2344692,405.6,?,?,?,?,?,1792,57712,No
0.259775,166.246667,0.054167,0,31.153333,8.71,0.181919,1460900.4,2349626.4,414.31,?,?,?,?,?,1792,57712,No
1.278662,164.323333,0.057667,0,46.113333,7.14,0.148702,1467377.6,2352916,421.45,35.440002,0.738112,88897.2,109797.2,7670.77,1792,57712,No
0.270642,139.416667,0.071667,0,36.486667,5.29,0.110173,1176342.8,1882332.8,427.58,?,?,?,?,?,1792,57712,No
0.295817,139.31,0.054,0,36.8,6.150001,0.128264,1324364.4,2117932.8,434.14,?,?,?,?,?,1792,57712,No
0.221652,165.91,0.06,0,31.246667,5.3,0.11038,1178378,1883155.2,440.29,?,?,?,?,?,1792,57712,No
0.224244,134.283019,0.082453,0,36.05283,2.84,0.059147,589264.4,941577.6,446.6,?,?,?,?,?,1075.2,34627.2,No
0.228528,137.246667,0.0475,0,31.833333,4.48,0.093303,884346.8,1412366.4,452.85,?,?,?,?,?,1792,57712,No
0.212695,130.586667,0.072333,0,31.773333,4.960001,0.1033,1032184.8,1647760.8,459.1,?,?,?,?,?,1792,57712,No
0.2654,101.576667,0.056833,0,34.586667,4.28,0.089138,560250.4,971027.6,229.07,?,?,?,?,?,1792,57712,No
0.232901,102.286667,0.074667,0,34.84,1.5,0.031239,281504,485668,232.66,?,?,?,?,?,1792,57712,No
0.158948,101.713333,0.047167,0,30.346667,1.88,0.039153,422304.4,728502,237.93,?,?,?,?,?,1792,57712,No
0.139991,98.163333,0.065,0,26.386667,1.12,0.023326,281582.4,485668,241.84,?,?,?,?,?,1792,57712,No
1.172008,146.836667,0.067167,0,40.233333,1.74,0.036239,422416.8,728502,246.24,35.62,0.741843,88376,109246,8025.79,1792,57712,No
0.134383,98.13,0.057167,0,25.986667,1.55,0.032282,422452.8,728502,251.37,?,?,?,?,?,1792,57712,No
0.219777,99.356667,0.061833,0,34.766667,1.29,0.026866,279733.6,485668,254.91,?,?,?,?,?,1792,57712,No
0.23311,100.426667,0.063,0,34.033333,2.59,0.053941,553506,971336,258.96,?,?,?,?,?,1792,57712,No
0.169573,104.11,0.048833,0,28.6,3.24,0.067478,681919.2,1214170,265.75,?,?,?,?,?,1792,57712,No
0.165614,98.046667,0.063167,0,27.06,2.44,0.050817,407819.6,728502,271.25,?,?,?,?,?,1792,57712,No
0.188738,134.453333,0.0565,0,28.7,2.34,0.048733,407650.4,728502,275.73,?,?,?,?,?,1792,57712,No
0.18728,99.083333,0.055333,0,29.553333,3.79,0.078933,678616.8,1214684,282.2,?,?,?,?,?,1792,57712,No
1.292411,230.166667,0.081833,0,56.2,3.08,0.064146,674357.6,1214684,286.41,35.7,0.743505,88478.8,109349.6,8061.49,1792,57712,No
0.505604,97.033333,0.0875,0,40.588333,6.72,0.139959,399436,728132.8,295.84,?,?,?,?,?,1792,57712,No
0.067912,15.833333,0.036333,0,21.953333,?,?,?,?,?,?,?,?,?,?,1792,57712,No
0.687872,18.08,0.085,3.353333,26.578333,25.56,0.532334,42092.8,199274.8,25.56,?,?,?,?,?,1792,57712,No
2.126334,406.263333,0.092,0.006667,51.483333,89.03,1.854252,640559.6,1370685.2,115.02,?,?,?,?,?,1792,57712,No
0.178228,141.72963,0.074444,0,29.888889,1.56,0.03249,321436.8,685695.6,120.41,?,?,?,?,?,1792,57712,No
0.259982,126.846667,0.059667,0,40.36,3.36,0.069978,536253.2,1143340,125.75,?,?,?,?,?,1792,57712,No
0.376226,286.163333,0.086667,0,57.86,5.65,0.117668,429277.6,914672,133.84,?,?,?,?,?,1792,57712,No
0.196565,234.24,0.051,0,28.573333,2.78,0.057899,325023.6,686004,139.39,?,?,?,?,?,1792,57712,No
1.43991,506.63,0.111833,0.453333,67.255,4.7,0.098121,561452,1163000.8,146.46,35.660004,0.744033,133077.6,164383.2,8097.15,1792,57712,No
0.198112,129.786667,0.069,0,31.533333,3.46,0.072059,576352.4,1176108,150.73,?,?,?,?,?,1792,57712,No
0.166032,96.023333,0.0665,0,31.973333,1.56,0.032489,230350.4,470443.2,154.92,?,?,?,?,?,1792,57712,No
0.235817,99.083333,0.062167,0,38.406667,1.95,0.040611,230400.8,470443.2,159.3,?,?,?,?,?,1792,57712,No
0.237067,100.356667,0.081833,0,35.426667,1.83,0.038112,230466.4,470443.2,165.89,?,?,?,?,?,1792,57712,No
0.17728,95.983333,0.055667,0,31.026667,1.86,0.038738,230519.2,470443.2,170.09,?,?,?,?,?,1792,57712,No
0.159989,95.896667,0.076833,0,30.02,1.34,0.027908,230564,470443.2,173.61,?,?,?,?,?,1792,57712,No
0.21159,131.906667,0.058667,0,30.86,3.51,0.073441,463413.6,940886.4,180.9,?,?,?,?,?,1792,57712,No
0.193737,96.516667,0.071,0,32.573333,5.01,0.104341,930081.2,1881772.8,186.67,?,?,?,?,?,537.6,17313.6,No
1.304091,117.143333,0.086333,0,50.626667,4.79,0.099758,819785.6,1646551.2,191.83,35.69,0.743294,88992,109867.2,8132.86,?,?,No
0.24436,99.75,0.085167,0,47.786667,1.73,0.036029,236837.6,470648.8,197.32,?,?,?,?,?,?,?,No
0.159364,96.626667,0.058333,0,32.233333,0.85,0.017703,118718.8,235324.4,199.58,?,?,?,?,?,?,?,No
0.163948,96.173333,0.0795,0,29.846667,1.83,0.038112,235730.8,470648.8,204.65,?,?,?,?,?,?,?,No
0.492053,135.556667,0.051167,0,34.026667,16.84,0.350728,509209.2,967512,225.52,?,?,?,?,?,?,?,No
0.185196,95.483333,0.070333,0,30.833333,2.48,0.05165,394407.6,725634,230.29,?,?,?,?,?,?,?,No
0.242472,98.823333,0.072167,0,35.78,2.37,0.049359,396044,725634,235.28,?,?,?,?,?,?,?,No
0.229359,96.126667,0.058167,0,33.526667,2.56,0.053315,538024.8,967512,240.46,?,?,?,?,?,?,?,No
0.174782,95.933333,0.082333,0,29.36,2.64,0.054982,547128.4,967512,245.64,?,?,?,?,?,?,?,No
1.178255,105.71,0.069833,0,45.133333,1.19,0.024784,274930.8,483756,249.08,35.77,0.744976,89054,109926.4,8168.63,?,?,No
0.194155,133.7,0.061333,0,31.853333,2.13,0.04436,412452.4,725839.6,253.21,?,?,?,?,?,?,?,No
0.176656,98.11,0.058333,0,32.113333,1.76,0.036655,409319.6,725942.4,258.52,?,?,?,?,?,?,?,No
0.628707,118.993333,0.080667,0,50.293333,2.03,0.042554,401716.8,725942.4,263.97,?,?,?,?,?,1612.8,51940.8,No
0.242485,107.246667,0.055333,0,35.613333,3.5,0.072893,795211.6,1451884.8,269.43,?,?,?,?,?,1792,57712,No
0.178828,101.63,0.069167,0,30.726667,3.26,0.067894,659216.4,1209904,274.7,?,?,?,?,?,1792,57712,No
0.217071,103.743333,0.051833,0,31.253333,5.52,0.114963,791680.8,1451884.8,281.79,?,?,?,?,?,1792,57712,No
0.208111,138.55,0.063833,0,32.706667,3.98,0.08289,792369.2,1452398.8,287.52,?,?,?,?,?,1792,57712,No
0.189989,101.473333,0.067833,0,31.78,3.57,0.074351,656029.2,1210418,292.71,?,?,?,?,?,1792,57712,No
1.302627,114.04,0.086,0.001667,51,3.3,0.068727,653191.6,1210418,298.48,35.63,0.742044,88836,109705.6,8204.26,1792,57712,No
0.241443,101.93,0.053833,0,34.933333,3.09,0.064355,521268.4,968334.4,303.77,?,?,?,?,?,1792,57712,No
0.181239,102.516667,0.070833,0,30.266667,3.8,0.079142,652244.8,1210418,309.47,?,?,?,?,?,1792,57712,No
0.175614,99.203333,0.0595,0,30.886667,2.36,0.04915,390930.8,726250.8,313.86,?,?,?,?,?,1792,57712,No
0.463868,148.076667,0.066833,0,35.326667,15.889999,0.330931,775650.4,1211446,332.12,?,?,?,?,?,1792,57712,No
0.170823,100.183333,0.066167,0,31.826667,1.89,0.039363,468166,726867.6,336.85,?,?,?,?,?,1792,57712,No
0.242901,102.38,0.06,0,36.88,3.53,0.073518,939704.4,1453735.2,342.39,?,?,?,?,?,1792,57712,No
0.248318,103.16,0.071333,0,35.306667,3.29,0.068519,785650.8,1211446,347.76,?,?,?,?,?,1792,57712,No
0.190822,101.46,0.056333,0,31.333333,3.84,0.080198,945999.6,1453735.2,353.26,?,?,?,?,?,1792,57712,No
1.250542,110.97,0.059,0,44.693333,5.49,0.114338,1266954.8,1938313.6,359.61,35.649998,0.742473,88962,109839.6,8239.91,1792,57712,No
0.200404,137.933333,0.069,0,31.24,3.51,0.073101,796755.6,1211446,365.28,?,?,?,?,?,1792,57712,No
0.187697,101.63,0.0705,0,31.313333,3.78,0.078725,963725.2,1453735.2,370.73,?,?,?,?,?,1792,57712,No
0.243098,102.476667,0.0585,0,35.746667,3.35,0.070094,804828.8,1211446,376.07,?,?,?,?,?,1792,57712,No
0.243526,102.206667,0.074333,0,34.62,3.52,0.073309,806032,1211446,381.61,?,?,?,?,?,1792,57712,No
0.18228,101.27,0.046667,0,30.613333,3.5,0.072894,806974,1211446,387.14,?,?,?,?,?,1792,57712,No
0.184156,100.393333,0.0685,0,30.8,2.99,0.062271,645824.4,969156.8,392.64,?,?,?,?,?,1792,57712,No
0.259357,137.713333,0.056333,0,31.28,6.03,0.125806,805068,1211446,400.72,?,?,?,?,?,1792,57712,No
1.002439,159.526667,0.139667,3.246667,36.866667,2.4,0.049983,636757.2,969156.8,405.27,?,?,?,?,?,1792,57712,No
1.329289,114.886667,0.076,0,54.806667,5.71,0.118919,1273518.8,1938313.6,411.9,35.42,0.737655,88556.8,109426.4,8275.33,1792,57712,No
0.249359,103.763333,0.064667,0,35.206667,3.52,0.07331,795963.2,1211446,417.95,?,?,?,?,?,1792,57712,No
0.198652,101.463333,0.0605,0,29.42,4.57,0.095176,796028.8,1211446,424.67,?,?,?,?,?,1792,57712,No
0.169782,100.293333,0.0655,0,29.74,2.72,0.056648,635547.6,969156.8,429.14,?,?,?,?,?,1792,57712,No
0.489551,139.26,0.057333,0,32.553333,17.01,0.354269,843491.6,1211446,449.18,?,?,?,?,?,1792,57712,No
0.191863,116.913333,0.066833,0,33.413333,3.04,0.063312,675248,969670.8,454.69,?,?,?,?,?,1792,57712,No
0.228527,110.936667,0.065333,0,36.593333,2.25,0.04686,675732.8,971212.8,458.47,?,?,?,?,?,1792,57712,No
0.242068,110.9,0.061667,0,35.066667,2.84,0.059147,678422.4,971212.8,464.51,?,?,?,?,?,1792,57712,No
0.215404,108.833333,0.060167,0,28.546667,6.17,0.128736,1188024,1699622.4,471.86,?,?,?,?,?,1792,57712,No
1.245336,120.526667,0.0705,0,43.753333,6.38,0.132873,1698662.4,2428032,478.24,35.67,0.742895,89188,110058.4,8311,1792,57712,No
0.268764,150.743333,0.056333,0,31.2,8.43,0.175566,1701307.6,2428032,486.67,?,?,?,?,?,1792,57712,No
0.228109,109.326667,0.0795,0,30.713333,7.53,0.156823,1708312,2428032,494.2,?,?,?,?,?,1792,57712,No
0.282275,112.77,0.0505,0,35.12,5.7,0.118901,1200710,1699622.4,501.18,?,?,?,?,?,1792,57712,No
0.271232,109.92,0.083667,0,34.533333,6.18,0.128708,1549388.4,2185228.8,507.84,?,?,?,?,?,1792,57712,No
0.214779,113.483333,0.055667,0,30.646667,6.35,0.132248,1556231.6,2185228.8,514.66,?,?,?,?,?,1792,57712,No
0.19957,111.026667,0.063333,0,31.386667,4.19,0.087263,1039095.2,1456819.2,519.79,?,?,?,?,?,1792,57712,No
0.232694,149.816667,0.071667,0,31.226667,5.36,0.111629,1212736,1699622.4,527.47,?,?,?,?,?,1792,57712,No
0.194779,110.723333,0.0525,0,31.96,3.02,0.062896,693122.8,971212.8,532.71,?,?,?,?,?,1792,57712,No
1.362397,139.42,0.078333,0,49.606667,4.09,0.08518,866434,1214016,538.51,35.67,0.742893,90003.2,110903.2,8346.67,1792,57712,No
0.255192,113.043333,0.058667,0,34.053333,4.31,0.09001,1039772,1456819.2,545.25,?,?,?,?,?,1792,57712,No
0.191446,111.883333,0.068667,0,30.373333,3.01,0.062688,693205.2,971212.8,550.72,?,?,?,?,?,1792,57712,No
0.197279,111.793333,0.061167,0,31.073333,2.87,0.059772,519908.4,728409.6,555.69,?,?,?,?,?,1792,57712,No
0.616834,163.006667,0.062167,0,32.346667,22.91,0.477134,894654,1216072,580.74,?,?,?,?,?,1792,57712,No
0.198737,113.056667,0.069333,0,31.473333,3.85,0.080182,1073597.6,1459286.4,587.09,?,?,?,?,?,1792,57712,No
0.248109,113.393333,0.063667,0,40.08,2.67,0.055606,715463.2,972857.6,591.83,?,?,?,?,?,1792,57712,No
0.251442,112.746667,0.072,0,34.273333,3.91,0.08143,1066779.2,1459286.4,597,?,?,?,?,?,1792,57712,No
1.246586,123.906667,0.06,0,45.24,3.93,0.081849,875740,1216072,603.95,35.670002,0.742879,89744.4,110614,8382.34,1792,57712,No
0.201238,110.56,0.064167,0,30.253333,3.53,0.073517,864230.4,1216072,609.26,?,?,?,?,?,1792,57712,No
0.220819,154.976667,0.059333,0,30.273333,4.18,0.087055,857638.8,1216072,615.22,?,?,?,?,?,1792,57712,No
0.211861,112.66,0.073833,0,30.673333,4.79,0.099758,1021916,1459286.4,622.61,?,?,?,?,?,1792,57712,No
0.28894,130.99,0.062833,0,37.393333,5.16,0.107465,1017364.8,1459286.4,629.59,?,?,?,?,?,1792,57712,No
0.334771,126.03,0.073,0,37.753333,6.04,0.125792,1351468.4,1945715.2,636.57,?,?,?,?,?,1792,57712,No
0.244569,129.76,0.0645,0,35.433333,4.48,0.093564,1008808.4,1459286.4,642.91,?,?,?,?,?,1792,57712,No
0.222902,128.493333,0.405333,56.793333,58.826667,4.08,0.084972,837860.8,1216072,649.34,?,?,?,?,?,1792,57712,No
0.250194,166.62,0.072333,0,33.66,5.76,0.119959,1170928.8,1702500.8,656.05,?,?,?,?,?,1792,57712,No
1.303666,126.096667,0.058167,0,47.493333,5.78,0.120379,1172321.2,1702500.8,663.73,35.75,0.744559,89591.2,110460.8,8418.09,1792,57712,No
0.301524,114.574956,0.069312,0,42.934744,2.87,0.059772,670366,972857.6,669.62,?,?,?,?,?,1254.4,40398.4,No
0.274983,113.416667,0.076167,0,35.573333,4.89,0.10184,1005778.4,1459286.4,676.36,?,?,?,?,?,1792,57712,No
0.215194,112.693333,0.052167,0,31.386667,5.449999,0.113504,1173522.4,1702500.8,683.74,?,?,?,?,?,1792,57712,No
0.209921,111.916667,0.077667,0,30.113333,5.46,0.113713,1173624.4,1702500.8,690.17,?,?,?,?,?,1792,57712,No
0.96911,148.39,0.054,0,32.593333,41.690002,0.868257,1542280,2189752,732.82,?,?,?,?,?,1792,57712,No
0.229151,112.483333,0.070333,0,32.106667,6.61,0.137891,1542322.8,2189854.8,739.9,?,?,?,?,?,1792,57712,No
0.267484,112.916667,0.0785,0,36.806667,5.27,0.109755,1371031.2,1946537.6,746.14,?,?,?,?,?,1792,57712,No
0.267899,112.633333,0.062,0,34.853333,5,0.104134,1199682.8,1703220.4,752.6,?,?,?,?,?,1792,57712,No
1.309713,123.773333,0.080167,0,45.826667,5.73,0.119703,1189178.4,1703220.4,759.77,35.86,0.746828,89728.4,110601.2,8453.95,1792,57712,No
0.208528,112.13,0.062333,0,29.766667,5.76,0.11996,1338999.6,1946537.6,766.51,?,?,?,?,?,1792,57712,No
0.236651,147.816667,0.068333,0,31.133333,6.41,0.133497,1492105.6,2189854.8,773.4,?,?,?,?,?,1792,57712,No
0.227865,112.006667,0.0775,0,31.426667,7.15,0.14891,1645100.4,2433172,780.55,?,?,?,?,?,1792,57712,No
0.30748,113.93,0.083167,0,42.86,6.37,0.132841,1473128.4,2189854.8,787.41,?,?,?,?,?,1792,57712,No
0.283107,111.63,0.070333,0,33.966667,7.24,0.150783,1630856.8,2433172,794.65,?,?,?,?,?,1792,57712,No
0.226653,112.423333,0.063333,0,30.48,7.3,0.152034,1627398.4,2433172,801.95,?,?,?,?,?,1792,57712,No
0.220611,113.076667,0.0585,0,30.713333,6.69,0.139736,1463728,2189854.8,809.12,?,?,?,?,?,1792,57712,No
0.244985,147.463333,0.065833,0,30.953333,7.27,0.151408,1625379.2,2433172,816.39,?,?,?,?,?,1792,57712,No
1.296586,124.653333,0.0745,0,46.413333,7.69,0.160155,1623561.2,2433172,824.08,35.54,0.740172,89547.2,110417.6,8489.49,1792,57712,No
0.333103,120.07,0.084333,0,41.753333,7.239999,0.150784,1622133.6,2433172,831.32,?,?,?,?,?,1792,57712,No
0.285665,112.093333,0.046,0,33.5,7.449999,0.155359,1621476,2433172,838.77,?,?,?,?,?,1792,57712,No
0.236652,114.033333,0.073333,0,30.433333,7.94,0.165362,1620184.4,2433172,846.71,?,?,?,?,?,1792,57712,No
0.215404,110.116667,0.057333,0,28.146667,7.46,0.155365,1619713.2,2433172,854.17,?,?,?,?,?,1792,57712,No
9.207947,136.626667,0.0865,0.62,32.713333,437.06,9.123308,1624008,2451555.6,1291.23,?,?,?,?,?,1792,57712,Yes
12.545856,77.866667,0.058667,0.446667,37.393333,598.33997,12.46126,1621474.4,2448631.2,1889.57,?,?,?,?,?,1792,57712,No
12.667489,65.353333,0.0645,0,32.633333,601.43994,12.525851,1622330.8,2450031.2,2491.01,?,?,?,?,?,1792,57712,No
11.205596,71.016667,0.082333,0.386667,62.66,531.08997,11.060583,1622464,2451264.8,3022.1,?,?,?,?,?,1792,57712,No
1.577395,125.863333,0.083333,0,46.418333,18.29,0.381126,1623154.8,2453732,3040.39,39.21,0.828633,135670.8,166975.2,8528.7,1792,57712,No
0.468043,106.58,0.054833,0,30.426667,19.029999,0.396328,1623539.6,2453732,3059.42,?,?,?,?,?,1792,57712,No
0.476844,146.276667,0.0595,0,31.44,18.56,0.386537,1623632.8,2453732,3077.98,?,?,?,?,?,1792,57712,No
0.63142,124.68,0.070667,0,29.886667,26.89,0.560255,1623669.2,2453732,3104.87,?,?,?,?,?,1792,57712,No
0.614962,110.946667,0.056,0,34.573333,22.960003,0.478183,1623712.4,2453732,3127.83,?,?,?,?,?,1792,57712,No
0.599338,110.176667,0.071667,0,33.533333,22.380001,0.466095,1623809.2,2453732,3150.21,?,?,?,?,?,1792,57712,No
0.552258,110.303333,0.055,0,29.953333,23.18,0.482762,1623873.6,2453732,3173.39,?,?,?,?,?,1792,57712,No
0.623917,109.04,0.058,0,29.74,26.589998,0.553976,1623963.2,2453732,3199.98,?,?,?,?,?,1792,57712,No
0.653499,146.346667,0.071167,0,30.52,27.15,0.565435,1624120.4,2453732,3227.13,?,?,?,?,?,1792,57712,No
1.828767,121.606667,0.072167,0,46.291667,31.569998,0.657493,1624279.2,2453732,3258.7,38.35,0.798687,91168.8,112039.2,8567.05,1792,57712,No
0.798078,112.926667,0.0675,0,40.413333,30.92,0.645535,1624360,2453732,3289.62,?,?,?,?,?,1792,57712,No
0.880153,110.213333,0.067667,0,34.2,35.98,0.749344,1624448.8,2453732,3325.6,?,?,?,?,?,1792,57712,No
0.911818,110.113333,0.061,0,30.46,40.24,0.83805,1624596,2453732,3365.84,?,?,?,?,?,1792,57712,No
0.979522,107.063333,0.055,0,30.66,43.920002,0.914704,1624740.8,2453732,3409.76,?,?,?,?,?,1792,57712,Yes
12.203612,90.263333,0.058,0,23.866667,580.68,12.114306,1624862.8,2453732,3990.44,?,?,?,?,?,1792,57712,No
12.577964,50.67,0.044,0,24.346667,600.2,12.500052,1624864,2453732,4590.64,?,?,?,?,?,1792,57712,No
0.49955,110.33,0.106167,0,74.68,?,?,?,?,?,?,?,?,?,?,?,?,No
0.290397,97.973333,0.097667,0,59.733333,?,?,?,?,?,?,?,?,?,?,?,?,No
0.281231,97.996667,0.115167,0,59.7,?,?,?,?,?,?,?,?,?,?,?,?,No
0.262483,95.28,0.087333,0,59.026667,?,?,?,?,?,?,?,?,?,?,?,?,No
0.28644,130.843333,0.1025,0,55.68,?,?,?,?,?,?,?,?,?,?,?,?,No
0.253108,94.55,0.093667,0,56.346667,?,?,?,?,?,?,?,?,?,?,?,?,No
0.454134,100.143333,0.1125,0,70.38,?,?,?,?,?,?,?,?,?,?,?,?,No
2.531274,108.735441,0.118469,0,77.640599,?,?,?,?,?,?,?,?,?,?,?,?,No
0.32907,100.791319,0.075292,0,57.435726,?,?,?,?,?,?,?,?,?,?,?,?,No
0.29498,96.263333,0.1185,0,55.633333,?,?,?,?,?,?,?,?,?,?,?,?,No
0.373516,133.053333,0.089167,0,57.933333,?,?,?,?,?,?,?,?,?,?,?,?,No
0.296233,96.98,0.103667,0,59.233333,?,?,?,?,?,?,?,?,?,?,?,?,No
0.485383,126.49,0.125,0,75.793333,?,?,?,?,?,?,?,?,?,?,?,?,No
0.352687,162.12,0.105167,0,67.126667,?,?,?,?,?,?,?,?,?,?,?,?,No
0.57496,295.056667,0.111167,0,67.201667,?,?,?,?,?,?,?,?,?,?,?,?,No
0.183419,1240.6,0.0745,0,49.946667,?,?,?,?,?,?,?,?,?,?,?,?,No
4.875955,283.156667,0.1935,3.346667,101.738333,?,?,?,?,?,?,?,?,?,?,?,?,No
0.363934,233.843333,0.100667,0,59.8,?,?,?,?,?,?,?,?,?,?,?,?,No
0.561422,123.496667,0.118333,0,75.713333,?,?,?,?,?,?,?,?,?,?,?,?,No
0.411014,142.653333,0.1045,0,86.26,?,?,?,?,?,?,?,?,?,?,?,?,No
0.369767,2512.606667,0.098167,0.32,59.726667,?,?,?,?,?,?,?,?,?,?,?,?,No
0.482259,653.063333,0.1375,0.446667,82.46,?,?,?,?,?,?,?,?,?,?,?,?,No
0.357891,130.363333,0.116,0,61.373333,?,?,?,?,?,?,?,?,?,?,?,?,No
0.301944,93.236667,0.0805,0,61.58,?,?,?,?,?,?,?,?,?,?,?,?,No
0.469968,98.18,0.118833,0,74.02,?,?,?,?,?,?,?,?,?,?,?,?,No
2.302981,104.683333,0.103,0,78.915,?,?,?,?,?,?,?,?,?,?,?,?,No
0.319147,95.923333,0.114167,0,59.493333,?,?,?,?,?,?,?,?,?,?,?,?,No
0.30977,94.303333,0.078333,0,61.88,?,?,?,?,?,?,?,?,?,?,?,?,No
0.344562,129.536667,0.106,0,60.593333,?,?,?,?,?,?,?,?,?,?,?,?,No
0.328518,94.173333,0.105667,0,60.606667,?,?,?,?,?,?,?,?,?,?,?,?,No
0.526677,98.92,0.100167,0,73.82,?,?,?,?,?,?,?,?,?,?,?,?,No
0.305603,94.586667,0.1135,0,61.94,?,?,?,?,?,?,?,?,?,?,?,?,No
0.315814,95.096667,0.08,0,59.78,?,?,?,?,?,?,?,?,?,?,?,?,No
0.299981,93.756667,0.110667,0,64.413333,?,?,?,?,?,?,?,?,?,?,?,?,No
2.763768,141.196667,0.110167,0,80.901667,?,?,?,?,?,?,?,?,?,?,?,?,No
0.306645,94.5,0.098,0,61.893333,?,?,?,?,?,?,?,?,?,?,?,?,No
0.486843,96.846667,0.118333,0,74.28,?,?,?,?,?,?,?,?,?,?,?,?,No
0.291647,95.28,0.0945,0,59.36,?,?,?,?,?,?,?,?,?,?,?,?,No
0.313836,93.806667,0.098333,0,59.06,?,?,?,?,?,?,?,?,?,?,?,?,No
0.286232,93.396667,0.0975,0,59.16,?,?,?,?,?,?,?,?,?,?,?,?,No
0.31123,129.983333,0.094833,0,60.373333,?,?,?,?,?,?,?,?,?,?,?,?,No
0.289565,95.366667,0.110333,0,60.713333,?,?,?,?,?,?,?,?,?,?,529.6,11542.8,No
0.483508,102.48,0.105667,0,75.78,2.77,0.057686,830348,1399368,272.23,?,?,?,?,?,5296,115428,No
2.551299,110.886667,0.111833,0,79.106667,3.06,0.063912,824062.8,1399368,277.22,62.01,1.291354,536266,567755.6,88530.64,5296,115428,No
0.305186,102.38,0.116667,0,60.2,3.16,0.065807,821894.8,1399368,282.84,?,?,?,?,?,5296,115428,No
0.29297,97.333333,0.089167,0,59.013333,4.22,0.087883,1150866.8,1959115.2,288.7,?,?,?,?,?,5296,115428,No
0.331225,133.553333,0.113667,0,60.493333,3.98,0.083147,984261.6,1679241.6,294.49,?,?,?,?,?,5296,115428,No
0.330604,100.44,0.0865,0,60.533333,3.85,0.080177,974888.4,1679241.6,300,?,?,?,?,?,5296,115428,No
0.490176,103.023333,0.131333,0,92.06,3.62,0.075386,965215.6,1679241.6,304.84,?,?,?,?,?,5324.8,115428,No
0.314144,98.756667,0.0845,0,59.473333,3.8,0.079135,959144.8,1679241.6,310.72,?,?,?,?,?,5392,115428,No
0.285399,97.75,0.109333,0,58.98,3.59,0.074763,953027.2,1679241.6,315.56,?,?,?,?,?,5392,115428,No
2.551064,111.006667,0.121333,0,78.403333,4.53,0.094336,1103924.4,1959115.2,321.75,62.12,1.293638,536460.8,567959.2,88592.76,5392,115428,No
0.666414,144.801997,0.12213,0,64.236273,21.029999,0.438139,1412128.8,2240222.4,343.61,?,?,?,?,?,5392,115428,No
0.316965,99.966611,0.09616,0,61.642738,4.15,0.086425,1097422,1680475.2,349.11,?,?,?,?,?,5392,115428,No
0.543508,120.273333,0.127333,0,74.6,8.179999,0.170349,1447144.8,2240633.6,358.19,?,?,?,?,?,5392,115428,No
0.352893,99.896667,0.0965,0,62.84,5.24,0.109307,1448658.4,2240633.6,364.78,?,?,?,?,?,5392,115428,No
0.304564,98.88,0.113,0,61.746667,4.09,0.085173,1088761.2,1680475.2,370.2,?,?,?,?,?,5392,115428,No
0.317894,96.946667,0.095,0,59.613333,5.26,0.10954,1277152.4,1960554.4,377.26,?,?,?,?,?,5392,115428,No
0.605586,133.66,0.105,0,62.993333,4.38,0.091213,1279255.2,1960554.4,383.04,?,?,?,?,?,5392,115428,No
0.40518,101.796667,0.110167,0,72.686667,3.66,0.07622,1099217.2,1680475.2,387.97,?,?,?,?,?,1796,57716,No
2.707045,111.596667,0.117333,0,92.496667,4.65,0.096837,1469236.4,2240633.6,393.46,62.12,1.293655,536732,568164.4,88654.88,1796,57716,No
0.31977,99.623333,0.095667,0,60.66,5.13,0.107034,1473324.8,2240633.6,399.82,?,?,?,?,?,1796,57716,No
0.299356,98.1,0.097,0,59.973333,4.27,0.088924,1292691.2,1960554.4,405.45,?,?,?,?,?,1796,57716,No
0.304354,98.003333,0.096833,0,58.326667,3.34,0.069556,925812.4,1400396,410.53,62.35,1.298455,536919.2,568266.4,88717.23,1796,57716,No
0.339978,132.253333,0.083167,0,57.773333,5.07,0.105584,1485868.4,2240633.6,416.87,?,?,?,?,?,1796,57716,No
0.386638,104.59,0.114833,0.193333,62.94,4.39,0.091422,1303810.8,1960554.4,422.63,?,?,?,?,?,1796,57716,No
1.430536,157.786667,0.109,0.033333,76.646667,7.88,0.164104,1681279.2,2520712.8,430.96,?,?,?,?,?,1796,57716,No
0.327686,100.12,0.123,0,64.093333,5.32,0.110789,1494784,2240633.6,437.24,?,?,?,?,?,1796,57716,No
0.332198,99.976667,0.089,0,64.633333,5.42,0.112872,1494801.2,2240633.6,443.59,?,?,?,?,?,1796,57716,No
2.561496,109.043333,0.109833,0,77,7.739999,0.161186,1869330.4,2800792,451.33,?,?,?,?,?,1796,57716,No
0.914943,134.946667,0.087333,0,60.68,32.55,0.678084,1337144.8,1961068.4,485.34,?,?,?,?,?,1796,57716,No
0.334767,99.97,0.105,0,59.42,6.090001,0.126824,1730931.2,2521638,491.9,?,?,?,?,?,1796,57716,No
0.502259,112,0.115167,0,70.746667,6.53,0.135987,1915638.8,2801820,498.43,?,?,?,?,?,1796,57716,No
0.438928,102.726667,0.095833,0,71.34,5.020001,0.104543,1340990.4,1961274,504.76,?,?,?,?,?,1796,57716,No
0.729745,104.106667,0.121167,0,69.406667,8.099999,0.168682,1730810,2521638,513.31,?,?,?,?,?,1796,57716,No
0.316339,100.17,0.074667,0,57.88,3.73,0.077677,958992,1400910,518.8,?,?,?,?,?,1796,57716,No
0.334144,137.51,0.115,0,58.54,5.44,0.113468,1525049.6,2241456,525.55,?,?,?,?,?,1796,57716,No
0.365391,101.956667,0.089167,0,59.033333,6.130001,0.127658,1711347.2,2521638,532.17,?,?,?,?,?,1796,57716,No
2.541914,114.186667,0.1075,0,87.63,6.36,0.132449,1518221.2,2241456,538.98,62.190002,1.295121,537207.2,568573.6,88779.42,1796,57716,No
0.321021,102.493333,0.083,0,59.593333,3.74,0.077885,947498.4,1400910,545.28,?,?,?,?,?,1796,57716,No
0.313522,115.226667,0.1095,0,58.72,5.25,0.109332,1515918,2245670.8,551.4,?,?,?,?,?,1796,57716,No
0.33331,108.896667,0.083333,0,58.606667,3.4,0.070805,947188,1403994,556.51,?,?,?,?,?,1796,57716,No
0.321437,144.921797,0.092679,0,59.201331,4.51,0.09392,1325570.4,1965591.6,562.75,?,?,?,?,?,1796,57716,No
1.042082,109.943239,0.111018,0,76.036728,4.6,0.095796,1325367.6,1966105.6,568.68,?,?,?,?,?,1796,57716,No
0.628087,111.983333,0.1055,0,75.626667,3.44,0.071638,946572,1404508,573.89,?,?,?,?,?,1796,57716,No
0.47455,110.483333,0.113667,0,63.013333,4.95,0.103084,1514552.4,2247212.8,579.68,?,?,?,?,?,1796,57716,No
0.45372,111.036667,0.0875,0,63.56,4.99,0.103919,1326007.6,1966311.2,586.48,?,?,?,?,?,1796,57716,No
2.125279,111.416667,0.133833,0,75.633333,3.6,0.07497,947253.2,1404508,591.9,47.11,0.981057,358375.2,379289.2,88826.53,1796,57716,No
1.253669,162.936667,0.103167,0,68.26,24.140001,0.50271,1533516.8,2248240.8,616.93,15.09,0.314264,179216.8,189694.8,88841.62,1796,57716,No
1.015974,109.686667,0.1095,0,64.846667,4.9,0.102044,1349421.6,1967750.4,623.75,?,?,?,?,?,1796,57716,No
0.492248,112.46,0.117,0,74.54,4.11,0.08559,1146679.2,1686643.2,629.65,?,?,?,?,?,1796,57716,No
0.322269,111.553333,0.1075,0,60.72,4.14,0.086215,1143171.2,1686643.2,635.54,?,?,?,?,?,1796,57716,No
0.31248,109.256667,0.0915,0,58.62,5.34,0.111456,1521497.6,2248857.6,641.78,?,?,?,?,?,1796,57716,No
0.311438,108.403333,0.094333,0,59.113333,4.63,0.096421,1329028,1967750.4,647.79,?,?,?,?,?,1796,57716,No
0.382476,156.613333,0.111667,0,61.16,4.94,0.102876,1137044.8,1686643.2,654.54,?,?,?,?,?,1796,57716,No
0.397058,112.213333,0.106833,0,70.666667,7.3,0.153368,1135868,1686643.2,663.67,?,?,?,?,?,1796,57716,No
2.553777,129.716667,0.124,0,90.053333,5.93,0.123488,1702881.2,2529964.8,670.06,62.11,1.293158,537834,569290.8,88903.73,1796,57716,No
0.380185,121.846667,0.084167,0,60.326667,6.03,0.125769,1510555.6,2248857.6,677.03,?,?,?,?,?,1796,57716,No
0.387703,126.606667,0.104167,0,60.24,7.09,0.14765,1888302.4,2811072,684.12,?,?,?,?,?,1796,57716,No
0.364767,138.916667,0.4875,60.213333,89.273333,6.1,0.127033,1699573.6,2529964.8,690.7,?,?,?,?,?,1796,57716,No
0.358728,161.126667,0.111833,0,61.9,5.53,0.115162,1322392,1967750.4,697.19,?,?,?,?,?,1796,57716,No
0.336226,109.446667,0.089667,0,60.973333,6.49,0.135156,1700523.2,2529964.8,704.66,?,?,?,?,?,1796,57716,No
0.534131,112.863333,0.111333,0,73.726667,5.05,0.105165,1321714.8,1967750.4,710.68,?,?,?,?,?,1796,57716,No
0.331854,110.883333,0.1005,0,61,6.07,0.126627,1698678,2529964.8,717.73,?,?,?,?,?,1796,57716,No
0.340395,110.356667,0.084167,0,58.306667,6.52,0.135779,1696888.8,2529964.8,724.73,?,?,?,?,?,1796,57716,No
2.449544,121.276667,0.101,0,77.416667,6.85,0.142653,1883062.8,2811072,731.58,62.18,1.294948,538010.4,569495.2,88965.91,1796,57716,No
0.927857,145.313333,0.097,0,61.126667,33.85,0.704929,1906030,2813230.8,765.43,?,?,?,?,?,1796,57716,No
0.387058,109.976667,0.1175,0,60.886667,7.52,0.157,1902243.6,2814156,772.95,?,?,?,?,?,1796,57716,No
0.525172,111.95,0.101333,0,72.333333,7,0.145776,1883784.4,2814156,779.95,?,?,?,?,?,1796,57716,No
0.341645,109.296667,0.110667,0,59.673333,7.119999,0.148274,1883873.6,2814156,787.07,?,?,?,?,?,1796,57716,No
0.34289,109.413333,0.09,0,60.72,6.75,0.140912,1695574,2532740.4,794.3,?,?,?,?,?,1796,57716,No
0.349145,108.696667,0.101167,0,60.52,6.42,0.133698,1695661.6,2532740.4,801.21,?,?,?,?,?,1796,57716,No
0.353517,143.776667,0.1175,0,62.013333,5.770001,0.12016,1507370.4,2251324.8,807.47,?,?,?,?,?,1796,57716,No
0.347849,109.816667,0.082,0,62.26,7.26,0.151525,1884322.8,2814156,815.22,?,?,?,?,?,1796,57716,No
1.443657,114.496667,0.135667,0,86.233333,7.43,0.154729,1884360.4,2814156,822.65,19.36,0.403179,358780.8,379802.8,88985.27,1796,57716,No
0.377892,110.446667,0.094167,0,63.006667,7.47,0.155564,1884456,2814156,830.12,?,?,?,?,?,1796,57716,No
0.359976,109.243333,0.120667,0,60.293333,8.1,0.168997,1885007.6,2814156,838.22,?,?,?,?,?,1796,57716,No
0.342267,108.666667,0.071833,0,59.966667,7.54,0.157021,1885827.2,2814156,845.76,?,?,?,?,?,1796,57716,No
0.374558,144.726667,0.109,0,62.513333,7.67,0.159728,1886382.4,2814156,853.43,?,?,?,?,?,1796,57716,No
0.372685,110.716667,0.093167,0,63.7,7.69,0.160339,1887298.8,2814156,861.12,?,?,?,?,?,1796,57716,No
0.564228,119.233333,0.124667,0,78.326667,7.519999,0.156604,1887119.6,2814156,868.64,?,?,?,?,?,1796,57716,No
0.346645,109.546667,0.093333,0,60.293333,7.77,0.161811,1886028,2814156,876.41,?,?,?,?,?,1796,57716,No
0.364142,108.876667,0.1085,0,60.68,8.400001,0.175136,1885459.2,2814156,884.81,?,?,?,?,?,1796,57716,No
2.249845,119.45,0.094833,0,77.303333,7.9,0.164518,1885319.6,2814156,892.71,62.02,1.29159,358779.2,379801.6,89047.3,1796,57716,No
1.584279,156.406667,0.112167,0,63.133333,64.68,1.346971,1884332.8,2815489.6,957.39,?,?,?,?,?,1796,57716,No
0.793692,107.286667,0.0955,0,62.093333,29.240002,0.610576,1884039.6,2816208,986.63,?,?,?,?,?,1796,57716,Yes
1.197832,108.88,0.127833,0.333333,74.726667,38.6,0.803852,1884337.6,2816310.8,1025.23,?,?,?,?,?,1796,57716,No
12.716858,52.723333,0.0945,0,58.706667,601.85,12.533423,1885647.6,2824385.2,1627.08,?,?,?,?,?,1796,57716,No
12.72358,50.993333,0.109167,0.646667,54.64,599.46,12.504607,1885697.6,2825104.8,2226.54,?,?,?,?,?,1796,57716,No
12.613326,58.506667,0.132167,2,80.54,594.84,12.387551,1887491.6,2842947.2,2821.38,?,?,?,?,?,1796,57716,No
0.877443,122.663333,0.110167,0,60.473333,29.740002,0.619334,755061.6,1137174.4,2853.03,?,?,?,?,?,1796,57716,No
0.59517,87.306667,0.094667,0,60.913333,17.64,0.367354,943832.8,1421468,2872.25,?,?,?,?,?,1796,57716,No
2.808146,115.083333,0.114833,0.006667,88.623333,21.730001,0.452517,944006,1421468,2894.94,62.43,1.299653,538167.2,569699.6,89109.73,1796,57716,No
0.733905,87.166667,0.090333,0,58.593333,25.529999,0.531669,1132830,1705761.6,2922.41,?,?,?,?,?,1796,57716,No
0.681831,87.203333,0.100667,0,57.86,22.36,0.465645,1132886,1705761.6,2945.68,?,?,?,?,?,1796,57716,No
0.827576,85.806667,0.102833,0,57.24,29.490002,0.614133,1510607.6,2274348.8,2976.13,0.84,0.017492,179388.8,189899.6,89110.57,1796,57716,No
0.846822,123.356667,0.091,0,59.586667,29.26,0.609347,1132995.2,1705761.6,3006.67,?,?,?,?,?,1796,57716,No
0.9366,87.456667,0.102667,0,60.793333,33.4,0.697114,1321873.2,1990055.2,3041.05,?,?,?,?,?,1796,57716,No
1.241995,89.176667,0.109,0,76.893333,41.329998,0.86069,1699612.4,2558642.4,3082.67,?,?,?,?,?,1796,57716,No
1.219713,86.956667,0.099833,0,62.106667,49.36,1.027918,1888517.6,2842936,3132.03,?,?,?,?,?,1796,57716,No
1.384685,85.3,0.106,0,59.633333,57.170002,1.193503,1888575.2,2842936,3189.2,?,?,?,?,?,1796,57716,No
4.137241,95.523333,0.0975,0,76.556667,95.3,1.98463,1888633.6,2842936,3284.5,62.960003,1.311137,538166.8,569699.2,89173.6,1796,57716,No
6.465149,66.36,0.100167,0,59.753333,300.7,6.262108,1888672,2842936,3585.2,?,?,?,?,?,1796,57716,No
4.995917,108.223333,0.102833,0,69.08,229.57999,4.790484,1888714,2842936,3814.78,?,?,?,?,?,1796,57716,No
0.457468,117.02,0.102167,0,61.533333,?,?,?,?,?,?,?,?,?,?,?,?,No
0.284356,111.593333,0.098333,0,49.74,?,?,?,?,?,?,?,?,?,?,?,?,No
0.279774,112.003333,0.079833,0,49.2,?,?,?,?,?,?,?,?,?,?,?,?,No
0.242066,110.346667,0.0915,0,46.486667,?,?,?,?,?,?,?,?,?,?,?,?,No
2.08237,155.053333,0.091667,0,63.415,?,?,?,?,?,?,?,?,?,?,?,?,No
0.23894,109.476667,0.083,0,45.986667,?,?,?,?,?,?,?,?,?,?,?,?,No
0.472844,114.826667,0.1115,0,61.393333,?,?,?,?,?,?,?,?,?,?,?,?,No
0.281024,115.846667,0.081333,0,49.173333,?,?,?,?,?,?,?,?,?,?,?,?,No
0.278314,111.123333,0.088333,0,48.686667,?,?,?,?,?,?,?,?,?,?,?,?,No
0.270608,110.35,0.09,0,48.48,?,?,?,?,?,?,?,?,?,?,?,?,No
0.337687,146.723333,0.082,0,49.266667,?,?,?,?,?,?,?,?,?,?,?,?,No
0.279566,112.316667,0.101,0,51.32,?,?,?,?,?,?,?,?,?,?,?,?,No
0.752243,160.166667,0.107,0,74.68,?,?,?,?,?,?,?,?,?,?,?,?,No
2.055488,79.3,0.1075,0,62.97,?,?,?,?,?,?,?,?,?,?,?,?,No
0.182167,45.436667,0.076833,0,39.513333,?,?,?,?,?,?,?,?,?,?,?,?,No
2.894396,275.603333,0.161667,3.173333,93.653333,?,?,?,?,?,?,?,?,?,?,?,?,No
0.333105,108.716667,0.094667,0,52.746667,?,?,?,?,?,?,?,?,?,?,?,?,No
0.308312,918.763333,0.083,0,49.646667,?,?,?,?,?,?,?,?,?,?,?,?,No
0.75183,8369.533333,0.097333,0,68.493333,?,?,?,?,?,?,?,?,?,?,?,?,No
0.318522,153.163333,0.096,0,49.2,?,?,?,?,?,?,?,?,?,?,?,?,No
0.332894,225.23,0.088333,0,48.66,?,?,?,?,?,?,?,?,?,?,?,?,No
0.490592,827.936667,0.139833,0.273333,71.346667,?,?,?,?,?,?,?,?,?,?,?,?,No
2.109852,119.043333,0.103833,0,65.968333,?,?,?,?,?,?,?,?,?,?,?,?,No
0.31727,109.946667,0.102167,0,51.513333,?,?,?,?,?,?,?,?,?,?,?,?,No
0.46414,111.91,0.122,0,64.346667,?,?,?,?,?,?,?,?,?,?,?,?,No
0.276441,108.143333,0.092833,0,51,?,?,?,?,?,?,?,?,?,?,?,?,No
0.280188,109.45,0.092667,0,50.226667,?,?,?,?,?,?,?,?,?,?,?,?,No
0.32123,142.496667,0.072333,0,49.273333,?,?,?,?,?,?,?,?,?,?,?,?,No
0.306854,108.05,0.092,0,50.42,?,?,?,?,?,?,?,?,?,?,?,?,No
0.297142,108.543333,0.087333,0,51.46,?,?,?,?,?,?,?,?,?,?,?,?,No
0.46018,114.743333,0.100667,0,62.326667,?,?,?,?,?,?,?,?,?,?,?,?,No
2.141945,119.606667,0.101167,0,66.388333,?,?,?,?,?,?,?,?,?,?,?,?,No
0.273525,108.87,0.095833,0,49.186667,?,?,?,?,?,?,?,?,?,?,?,?,No
0.636001,144.426667,0.096667,0,55.193333,?,?,?,?,?,?,?,?,?,?,?,?,No
0.28394,106.713333,0.0905,0,49.42,?,?,?,?,?,?,?,?,?,?,?,?,No
0.314146,110.1,0.088333,0,50.273333,?,?,?,?,?,?,?,?,?,?,?,?,No
0.468929,110.42,0.094333,0,62.186667,?,?,?,?,?,?,?,?,?,?,?,?,No
0.282327,108.836667,0.090333,0,48.666667,?,?,?,?,?,?,?,?,?,?,?,?,No
0.274567,108.363333,0.088833,0,48.446667,?,?,?,?,?,?,?,?,?,?,?,?,No
0.308105,142.413333,0.077,0,49.533333,?,?,?,?,?,?,?,?,?,?,?,?,No
1.187423,111.636667,0.107333,0,55.633333,?,?,?,?,?,?,?,?,?,?,?,?,No
0.293941,109.83,0.074833,0,51.006667,?,?,?,?,?,?,?,?,?,?,?,?,No
0.486427,120.236667,0.1185,0,66.026667,2.84,0.059146,555334.8,975910.4,267.44,?,?,?,?,?,5308,115432,No
0.286646,116.863333,0.093667,0,49.22,2.28,0.047483,554831.2,975910.4,270.92,?,?,?,?,?,5308,115432,No
0.317064,112.623333,0.088833,0,49.406667,3.73,0.077864,832448.8,1463968.4,277.61,?,?,?,?,?,5308,115432,No
0.344094,146.826667,0.0975,0,65.326667,5.46,0.113708,1110194.4,1952643.2,284.21,?,?,?,?,?,5334.4,115432,No
0.648084,115.053333,0.094333,0,54.046667,3.78,0.078722,836144.4,1464482.4,289.18,?,?,?,?,?,3777.2,80802.4,No
0.301023,113.013333,0.096,0,48.286667,3.28,0.068309,700620.8,1220402,294.44,?,?,?,?,?,1796,57716,No
0.480384,115.61,0.095,0,58.813333,4.28,0.089136,975127.6,1708562.8,300.34,?,?,?,?,?,1796,57716,No
2.10279,123.193333,0.102167,0,66.295,3.96,0.082472,969122.4,1708562.8,305.52,58.410004,1.216456,354948,375941.6,82865.91,1796,57716,No
0.289771,112.216667,0.0885,0,48.02,3.9,0.081221,826674.8,1464482.4,310.22,?,?,?,?,?,1796,57716,No
0.566007,158.593333,0.089,0,53.166667,15.64,0.325709,737906.4,1233714.8,328.63,?,?,?,?,?,1796,57716,No
0.315395,111.776667,0.0955,0,49.933333,1.65,0.034362,326845.2,501473.6,331.87,?,?,?,?,?,1796,57716,No
0.285459,113.926667,0.089333,0,51.533333,1.79,0.037278,492474.4,752210.4,337.59,?,?,?,?,?,1796,57716,No
0.475802,117.12,0.1125,0,62.673333,3.95,0.08247,988089.6,1504420.8,344.03,?,?,?,?,?,1796,57716,No
0.291231,114,0.0885,0,50.44,3.07,0.063935,824795.6,1253786.8,348.69,?,?,?,?,?,1796,57716,No
0.31248,112.65,0.084333,0,51.373333,3.39,0.0706,827183.6,1254198,353.8,?,?,?,?,?,1796,57716,No
0.349143,147.543333,0.108,0,54.566667,3.42,0.071508,830450.8,1254198,360.24,?,?,?,?,?,1796,57716,No
2.145908,124.983333,0.1045,0,67.283333,3.28,0.06829,834137.2,1254198,365.68,59.13,1.231023,532674.4,564120.4,82925.04,1796,57716,No
0.346016,111.276667,0.0915,0,51.92,5.19,0.108086,662285.6,1003358.4,372.9,?,?,?,?,?,1796,57716,No
0.470547,115.603333,0.103333,0,64.64,2.58,0.053731,644689.2,1003358.4,378.36,?,?,?,?,?,1796,57716,No
0.309772,114.486667,0.102833,0,51.84,1.88,0.039153,483518.8,752518.8,382.81,?,?,?,?,?,1796,57716,No
0.308522,119.033333,0.1,0.16,54.333333,2.59,0.053939,644715.6,1003358.4,388.05,?,?,?,?,?,1796,57716,No
0.307481,146.766667,0.090833,0,50.533333,4.2,0.087469,1127104,1755877.2,393.93,?,?,?,?,?,1796,57716,No
0.388516,117.723333,0.161333,12.526667,54.946667,2.88,0.05998,643117.6,1003358.4,398.98,0.86,0.01791,177557.2,188039.2,82925.9,1796,57716,No
1.088888,169.35,0.095667,0.02,53.72,3.99,0.083095,964731.6,1505037.6,404.82,?,?,?,?,?,1796,57716,No
0.503716,115.05,0.106833,0,66.84,4.7,0.097882,964787.2,1505037.6,411.82,?,?,?,?,?,1796,57716,No
2.171508,124.17,0.1015,0,67.921667,4.18,0.087278,965035.6,1505037.6,417.76,59.649998,1.241808,532673.2,564119.6,82985.59,1796,57716,No
0.32427,111.56,0.085667,0,50.433333,5.52,0.114958,1126255.2,1755877.2,424.2,?,?,?,?,?,1796,57716,No
0.85078,146.87,0.098167,0,50.793333,28.58,0.595196,1011062.4,1505346,455.06,?,?,?,?,?,1796,57716,No
0.308313,113.53,0.089667,0,51.966667,2.68,0.056097,704327.2,1003769.6,460.12,?,?,?,?,?,1796,57716,No
0.289565,121.293333,0.103667,0,53.166667,3.19,0.066436,880426.8,1254712,465.3,?,?,?,?,?,1796,57716,No
0.564752,119.22,0.096667,0,64.4,4.47,0.093092,1056627.6,1505654.4,471.79,?,?,?,?,?,1796,57716,No
0.738077,120.726667,0.109333,0,73.366667,7.88,0.164502,1761184.8,2509424,479.67,?,?,?,?,?,1796,57716,No
0.359142,113.126667,0.0695,0,49.666667,7.860001,0.163692,1761744.4,2509424,487.53,?,?,?,?,?,1796,57716,No
0.337271,115.283333,0.101667,0,50.346667,7.42,0.154529,1765459.2,2509424,494.95,?,?,?,?,?,1796,57716,No
2.333108,165.35,0.099667,0,68.168333,6.49,0.135154,1417683.6,2007539.2,501.87,60.5,1.259558,534380,565896,83046.09,1796,57716,No
0.312063,117.026667,0.098333,0,50.78,4.3,0.089552,1066553.6,1505654.4,507.36,?,?,?,?,?,1796,57716,No
0.53705,118.203333,0.095833,0,62.52,7.17,0.149323,1779858.8,2509424,515.39,?,?,?,?,?,1796,57716,No
0.29394,115.786667,0.090833,0,49.633333,3.72,0.077473,890002,1254712,520.79,?,?,?,?,?,1796,57716,No
0.355182,140.726667,0.105667,0,54.493333,3.5,0.07289,890082,1254712,526.41,?,?,?,?,?,1796,57716,No
0.313939,119.193333,0.0885,0,52.8,3.76,0.078306,890151.6,1254712,532.74,?,?,?,?,?,1796,57716,No
0.930357,151.32,0.1105,0,60.39,6.54,0.136204,1780401.6,2509424,539.28,?,?,?,?,?,1796,57716,No
0.423175,118.08,0.080333,0,60.106667,2.98,0.062062,712194.4,1003769.6,544.37,?,?,?,?,?,1796,57716,No
0.66329,119.166667,0.121167,0,67.026667,3.45,0.07185,890250.4,1254712,549.53,?,?,?,?,?,1796,57716,No
2.325078,128.433333,0.090167,0,72.675,3.73,0.077683,890164.8,1254712,556.23,61.300003,1.275692,536054,567484,83107.39,1796,57716,No
0.455179,118.89,0.092833,0,54.853333,3.53,0.073754,889042.4,1254712,561.43,?,?,?,?,?,1796,57716,No
0.424343,133.26,0.100667,0,54.646667,3.01,0.062686,710444,1003769.6,566.72,?,?,?,?,?,1796,57716,No
0.456636,152.7,0.082167,0,55.3,4.15,0.086428,886394,1254712,574.01,?,?,?,?,?,1796,57716,No
1.030031,116.988889,0.101481,0,55.733333,3.66,0.076224,884877.2,1254712,580.02,?,?,?,?,?,1796,57716,No
0.47351,120.06,0.095167,0,64.746667,4.13,0.086249,1060634.4,1505654.4,585.42,?,?,?,?,?,1796,57716,No
0.334704,117.716667,0.094667,0,50.32,3.97,0.082678,882850,1254712,592.07,?,?,?,?,?,1796,57716,No
0.306439,117.076667,0.074833,0,50.246667,4.11,0.085595,1058696.8,1505654.4,597.58,?,?,?,?,?,1796,57716,No
0.810159,118.043333,0.102167,0,52.42,3.64,0.075807,881694.4,1254712,602.98,9.89,0.205973,178844.8,189305.2,83117.28,1796,57716,No
1.742592,165.956667,0.088167,0,68.775,4.03,0.083928,881087.2,1254712,610.22,51.690002,1.076489,357686.4,378607.2,83168.97,1796,57716,No
0.346436,117.733333,0.100667,0,51.373333,3.76,0.078307,880567.2,1254712,615.76,?,?,?,?,?,1796,57716,No
0.539961,123.773333,0.103667,0,62.293333,5.509999,0.114751,1056275.2,1505654.4,623.52,?,?,?,?,?,1796,57716,No
0.325605,118.436667,0.0895,0,50.266667,4.33,0.090178,1055893.6,1505654.4,629.64,?,?,?,?,?,1796,57716,No
0.318936,122.836667,0.0915,0,51.893333,4.74,0.098715,1055469.6,1505654.4,636.25,?,?,?,?,?,1796,57716,No
0.441748,146.74,0.118167,0.12,77.193333,8.190001,0.170563,1055560,1505654.4,645.39,?,?,?,?,?,1796,57716,No
0.340812,165.056667,0.086333,0,52.253333,4.97,0.103722,1231934,1756596.8,652.73,?,?,?,?,?,1796,57716,No
0.393723,147.88,0.097,0,58.38,3.97,0.082678,1055968.4,1505654.4,658.08,?,?,?,?,?,1796,57716,No
1.138049,119.88,0.099,0,64.08,5.15,0.107253,1407976,2007539.2,664.65,13.71,0.285524,178844.8,189305.2,83182.68,1796,57716,No
1.560733,128.646667,0.1155,0,64.898333,4.54,0.094551,1055994.4,1505654.4,671.04,46.260002,0.963409,357686.4,378606.4,83228.94,1796,57716,No
0.309563,118.776667,0.080667,0,49.58,5.42,0.112877,1408052,2007539.2,677.37,?,?,?,?,?,1796,57716,No
0.327894,118.613333,0.102,0,52.426667,5.34,0.111211,1408244,2007539.2,683.65,?,?,?,?,?,1796,57716,No
0.344928,151.586667,0.0935,0,51.36,6.02,0.125373,1408520,2007539.2,690.63,?,?,?,?,?,1796,57716,No
0.333103,118.363333,0.082667,0,52.793333,4.78,0.099548,1056515.2,1505654.4,697.29,?,?,?,?,?,1796,57716,No
0.511215,119.666667,0.112667,0,62.453333,5.14,0.107046,1232690.4,1756596.8,703.4,?,?,?,?,?,1796,57716,No
0.328522,116.863333,0.073,0,50.766667,6.82,0.142034,1761211.6,2509424,710.7,?,?,?,?,?,1796,57716,No
0.323103,116.406667,0.099167,0,49.633333,6.17,0.128773,1585266,2258481.6,717.36,?,?,?,?,?,1796,57716,No
0.332269,119.123333,0.077,0,48.493333,7.1,0.147865,1761525.2,2509424,724.46,?,?,?,?,?,1796,57716,No
2.208191,161.63,0.125667,0,68.763333,7.349999,0.153072,1761730,2509424,731.81,59.089996,1.230591,536531.2,567912,83288.03,1796,57716,No
0.340719,117.825926,0.093704,0,51.696296,6.24,0.129953,1585258,2258481.6,738.52,?,?,?,?,?,1796,57716,No
0.512069,121.54,0.101167,0,69.113333,7.340001,0.152863,1759023.2,2509424,745.86,?,?,?,?,?,1796,57716,No
0.342477,116.503333,0.093,0,51.113333,6.860001,0.142866,1581851.2,2258481.6,753.21,?,?,?,?,?,1796,57716,No
0.341645,117.94,0.082,0,50.533333,6.87,0.143252,1757709.6,2509424,760.08,?,?,?,?,?,1796,57716,No
0.366434,119.163333,0.086667,0,50.726667,7.24,0.150779,1757812,2509424,767.32,0.81,0.016869,178843.2,189303.2,83288.85,1796,57716,No
0.347894,150.1,0.085333,0,49.966667,7.46,0.155361,1757736.4,2509424,774.78,?,?,?,?,?,1796,57716,No
0.353726,116.98,0.096833,0,51.04,7.21,0.150156,1757352,2509424,781.99,?,?,?,?,?,1796,57716,No
1.800922,130.596667,0.1105,0,78.018333,7.76,0.161842,1756351.6,2509424,789.75,33.46,0.696863,357688,378608.4,83322.36,1796,57716,No
1.006185,126.506667,0.0905,0,54.93,7.539999,0.157027,1755408.4,2509424,797.29,27,0.562277,178843.2,189303.2,83349.36,1796,57716,No
0.335956,116.57,0.091,0,49.6,7.24,0.15078,1754383.6,2509424,804.53,?,?,?,?,?,1796,57716,No
0.337271,132.34,0.083667,0,48.226667,7.33,0.152853,1754149.6,2509424,811.86,?,?,?,?,?,1796,57716,No
0.355601,149.26,0.094167,0,48.64,7.91,0.164734,1753510,2509424,819.77,?,?,?,?,?,1796,57716,No
0.372892,114.866667,0.079833,0,49.526667,8.05,0.16765,1753176.4,2509424,827.82,?,?,?,?,?,1796,57716,No
0.527466,116.996667,0.113333,0,63.713333,7.889999,0.164554,1752795.2,2509424,835.71,?,?,?,?,?,1796,57716,No
0.363308,129.343333,0.089333,0,50.14,8.34,0.173689,1752182.4,2509424,844.05,?,?,?,?,?,1796,57716,No
0.567462,118.89,0.084833,0,50.093333,18.050001,0.37591,1764479.2,2509424,862.1,?,?,?,?,?,1796,57716,No
0.538152,112.596667,0.090167,0,51.046667,15.16,0.315924,1765841.2,2509424,877.26,?,?,?,?,?,1796,57716,No
2.495875,162.393333,0.090667,0,67.311667,18.900002,0.393611,1765793.2,2509732.4,896.16,61.2,1.274612,357688.8,378608.8,83410.57,1796,57716,No
0.58434,116.923333,0.086,0,51.133333,18.630001,0.387989,1765871.6,2510452,914.79,?,?,?,?,?,1796,57716,No
0.751201,118.493333,0.0985,0,61.233333,18.890001,0.393402,1765841.6,2510452,933.68,?,?,?,?,?,1796,57716,No
0.597252,116.673333,0.084,0,49.486667,18.82,0.392174,1765825.6,2510452,952.5,?,?,?,?,?,1796,57716,No
0.592671,115.903333,0.098167,0,50.133333,19.43,0.404653,1765816,2510452,971.93,?,?,?,?,?,1796,57716,No
0.560794,116.786667,0.081667,0,50.08,18.46,0.384454,1765810.4,2510452,990.39,?,?,?,?,?,1796,57716,No
0.680164,149.11,0.084333,0,50.82,23.130001,0.483262,1765868.8,2510452,1013.52,?,?,?,?,?,1796,57716,No
0.625369,114.666667,0.099,0,50.513333,20.149998,0.41964,1765991.6,2510452,1033.67,?,?,?,?,?,1796,57716,No
0.958478,118.293333,0.101333,0,65.853333,24.84,0.517314,1766202.4,2510452,1058.51,1.57,0.032696,178844,189303.2,83412.14,1796,57716,No
2.502349,127.173333,0.103333,0,66.791667,23.77,0.496643,1766437.6,2510452,1082.28,59.24,1.233198,357688.8,378607.2,83471.38,1796,57716,No
0.777028,116.52,0.091333,0,49.913333,27.910002,0.581253,1766526,2510452,1110.19,?,?,?,?,?,1796,57716,No
0.677874,118.206667,0.078667,0,48.82,23.440002,0.488152,1766704.8,2510452,1133.63,?,?,?,?,?,1796,57716,No
0.804738,149.053333,0.093667,0,49.82,28.35,0.590413,1767079.2,2510554.8,1161.98,?,?,?,?,?,1796,57716,Yes
0.68704,114.4,0.087333,0,49.96,24.03,0.500807,1767222.8,2511480,1186.01,?,?,?,?,?,1796,57716,No
0.655794,147.086667,0.096667,0,59.113333,?,?,?,?,?,?,?,?,?,?,?,?,No
0.280396,148.31,0.084167,0,47.36,?,?,?,?,?,?,?,?,?,?,?,?,No
0.537466,148.66,0.097167,0,49.84,?,?,?,?,?,?,?,?,?,?,?,?,No
2.182558,193.053333,0.099833,0,62.263333,?,?,?,?,?,?,?,?,?,?,?,?,No
0.547544,148.15,0.088,0,45.613333,?,?,?,?,?,?,?,?,?,?,?,?,No
0.353729,144.503333,0.073833,0,47.26,?,?,?,?,?,?,?,?,?,?,?,?,No
0.691202,163.41,0.110333,0,61.52,?,?,?,?,?,?,?,?,?,?,?,?,No
0.316021,150.48,0.078667,0,46.6,?,?,?,?,?,?,?,?,?,?,?,?,No
0.55267,156.14,0.089667,0,47.846667,?,?,?,?,?,?,?,?,?,?,?,?,No
0.31498,180.296667,0.085167,0,44.726667,?,?,?,?,?,?,?,?,?,?,?,?,No
0.542672,152.296667,0.0845,0,48.326667,?,?,?,?,?,?,?,?,?,?,?,?,No
0.387682,147.424293,0.087854,0,51.114809,?,?,?,?,?,?,?,?,?,?,?,?,No
3.029658,155.045075,0.135559,0,83.729549,?,?,?,?,?,?,?,?,?,?,?,?,No
0.182904,70.63,0.093167,0,41.268333,?,?,?,?,?,?,?,?,?,?,?,?,No
3.02067,151.056667,0.176667,3.606667,68.083333,?,?,?,?,?,?,?,?,?,?,?,?,No
3.089599,209.33,0.184167,3.186667,79.526667,?,?,?,?,?,?,?,?,?,?,?,?,No
0.650791,174.633333,0.135333,0.013333,62.711667,?,?,?,?,?,?,?,?,?,?,?,?,No
0.393931,885.47,0.076167,0,49.646667,?,?,?,?,?,?,?,?,?,?,?,?,No
1.0041,163.52,0.110167,0,62.853333,?,?,?,?,?,?,?,?,?,?,?,?,No
0.286709,173.16,0.084,0,47.406667,?,?,?,?,?,?,?,?,?,?,?,?,No
0.717245,1592.083333,0.1145,0,78.366667,?,?,?,?,?,?,?,?,?,?,?,?,No
2.18403,304.603333,0.110333,0,64.176667,?,?,?,?,?,?,?,?,?,?,?,?,No
0.805778,2012.34,0.147833,0.886667,79.38,?,?,?,?,?,?,?,?,?,?,?,?,No
0.397474,136.103333,0.099333,0,52.186667,?,?,?,?,?,?,?,?,?,?,?,?,No
0.662041,136.016667,0.103167,0,60.98,?,?,?,?,?,?,?,?,?,?,?,?,No
0.316439,132.553333,0.087333,0,45.533333,?,?,?,?,?,?,?,?,?,?,?,?,No
0.546004,136.69,0.087333,0,48.9,?,?,?,?,?,?,?,?,?,?,?,?,No
0.287753,166.193333,0.081667,0,46.666667,?,?,?,?,?,?,?,?,?,?,?,?,No
0.540173,137.076667,0.080833,0,48.793333,?,?,?,?,?,?,?,?,?,?,?,?,No
1.108056,132.766667,0.0965,0,52.251667,?,?,?,?,?,?,?,?,?,?,?,?,No
1.790305,150.31,0.116333,0,71.258333,?,?,?,?,?,?,?,?,?,?,?,?,No
0.277273,131.76,0.074,0,45.906667,?,?,?,?,?,?,?,?,?,?,?,?,No
1.009933,136.843333,0.095667,0,50.446667,?,?,?,?,?,?,?,?,?,?,?,?,No
0.947857,167.106667,0.085833,0.006667,49.786667,?,?,?,?,?,?,?,?,?,?,?,?,No
0.535023,136.14,0.079167,0,48.993333,?,?,?,?,?,?,?,?,?,?,?,?,No
0.381642,131.223333,0.0795,0,51.646667,?,?,?,?,?,?,?,?,?,?,?,?,No
0.654959,137.703333,0.096,0,58.1,?,?,?,?,?,?,?,?,?,?,?,?,No
0.28748,132.743333,0.087333,0,65.36,?,?,?,?,?,?,?,?,?,?,?,?,No
2.780445,148.783333,0.103833,0,68.09,?,?,?,?,?,?,?,?,?,?,?,?,No
0.355603,168.223333,0.096167,0,50.366667,?,?,?,?,?,?,?,?,?,?,?,?,No
0.532881,135.42,0.092167,0,50.226667,?,?,?,?,?,?,?,?,?,?,?,?,No
0.381225,132.583333,0.087167,0,52.18,?,?,?,?,?,?,?,?,?,?,?,?,No
0.729712,164.05,0.132333,0,64.48,6.13,0.12766,1373519.2,2217382.4,295.61,?,?,?,?,?,1788,57716,No
0.317271,157.166667,0.08,0,47.186667,2.65,0.055188,688855.2,1108691.2,300.12,?,?,?,?,?,1788,57716,No
0.602669,157.6,0.092167,0,50.74,4.26,0.088715,518779.6,831518.4,307.6,?,?,?,?,?,1788,57716,No
0.296439,181.176667,0.077167,0,46.366667,2.18,0.045399,692099.2,1108691.2,312.06,?,?,?,?,?,1788,57716,No
0.551214,151.706667,0.084667,0,49.073333,2.84,0.059342,865187.6,1385864,316.44,?,?,?,?,?,1788,57716,No
0.540171,149.04,0.0895,0,52.38,2.68,0.055812,865274,1385864,321.14,2.76,0.057475,177862.4,188351.6,83725.78,1788,57716,No
2.374217,163.243333,0.090167,0,73.843333,4.28,0.089123,863395.2,1385864,327.74,56.050003,1.167133,355813.6,376806.4,83781.83,1788,57716,No
0.305699,148.773333,0.0875,0,47.026667,2.97,0.062039,861268.8,1385864,332.75,?,?,?,?,?,1788,57716,No
0.776617,162.64,0.072667,0,51.726667,2.84,0.059143,689042,1108691.2,337.53,?,?,?,?,?,1788,57716,No
0.606836,184.31,0.091,0,50.9,16.01,0.333417,1141464.8,1663036.8,355.5,?,?,?,?,?,1788,57716,No
0.542878,151.713333,0.076333,0,50.386667,1.71,0.035612,576185.6,831518.4,359.69,?,?,?,?,?,1788,57716,No
0.380394,148.68,0.090167,0,51.366667,2.39,0.049772,769572.4,1108691.2,364.5,?,?,?,?,?,1788,57716,No
1.186176,244.316667,0.105,0.04,64.466667,4.69,0.097669,962566.8,1385864,371.73,?,?,?,?,?,1788,57716,No
0.372683,150.903333,0.078,0,47.2,4.46,0.093427,962646.4,1385864,377.84,?,?,?,?,?,1788,57716,No
0.566835,151.82,0.091,0,50.066667,4.42,0.092047,1347826.4,1940209.6,383.85,?,?,?,?,?,1788,57716,No
2.199148,194.983333,0.086,0,64.216667,2.69,0.05602,770251.2,1108691.2,389.01,59.239998,1.233661,355986.8,377012.8,83841.08,1788,57716,No
0.545174,151.856667,0.092833,0,49.86,2.75,0.057548,770920.8,1108691.2,393.65,?,?,?,?,?,1788,57716,No
0.387267,147.923333,0.091833,0,52.173333,2.54,0.052896,771836,1108691.2,398.14,?,?,?,?,?,1788,57716,No
0.724535,153.77,0.103333,0,59.966667,8.04,0.167436,1930676.4,2771728,406.94,?,?,?,?,?,1788,57716,No
0.318522,146.61,0.0765,0,46.986667,5.91,0.123324,1738402.8,2494555.2,413.34,?,?,?,?,?,1788,57716,No
0.765781,194.823333,0.092333,0,52.533333,6.25,0.130157,1545325.6,2217382.4,420.55,?,?,?,?,?,1788,57716,No
0.377476,233.123333,0.079,0,51.253333,3.67,0.076429,965904.4,1385864,426.52,?,?,?,?,?,1788,57716,No
1.314612,234.003333,0.094,0,52.546667,3.6,0.074971,965970,1385864,431.8,?,?,?,?,?,1788,57716,No
1.314076,150.64,0.0845,0,55.078333,2.84,0.059144,772810.4,1108691.2,437.62,19.369999,0.40339,178036.4,188558.8,83860.45,1788,57716,No
1.663226,162.143333,0.113833,0,73.33,5.96,0.124119,1159259.6,1663036.8,445.24,39.79,0.828648,178123.6,188658.8,83900.24,1788,57716,No
0.335186,149.04,0.096667,0,47.593333,3.97,0.082678,966134.8,1385864,451.07,?,?,?,?,?,1788,57716,No
0.80203,151.623333,0.096333,0,49.506667,4.99,0.10392,1159471.2,1663036.8,458.21,?,?,?,?,?,1788,57716,No
0.685371,184.31,0.077333,0,48.813333,20.100002,0.418586,1194599.2,1663448,480.12,?,?,?,?,?,1788,57716,No
0.593712,152.38,0.095333,0,50.966667,5.32,0.110791,1616863.6,2218204.8,486.26,?,?,?,?,?,1788,57716,No
0.56267,172.136667,0.088833,0,54.126667,2.22,0.046233,809344.8,1109102.4,490.43,?,?,?,?,?,1788,57716,No
1.080064,167.266667,0.104667,0,76.646667,4.93,0.102669,1214960.4,1663653.6,497.44,?,?,?,?,?,1788,57716,No
0.350602,150.11,0.082167,0,47.186667,2.67,0.055837,809985.6,1109102.4,502.29,?,?,?,?,?,1788,57716,No
0.581421,153.443333,0.0915,0,50.106667,3.88,0.080803,1215356.4,1663653.6,508.13,0.64,0.013328,178123.6,188659.2,83900.88,1788,57716,No
2.175697,197.356667,0.094333,0,64.21,4.47,0.09309,1419985.2,1940929.2,513.74,58.449997,1.217218,356351.2,377422.4,83959.33,1788,57716,No
0.551214,162.48,0.0925,0,50.793333,3.13,0.065182,1017193.6,1386378,518.43,?,?,?,?,?,1788,57716,No
0.421014,152.64,0.075,0,50.626667,2.52,0.052479,612735.2,831826.8,523.3,?,?,?,?,?,1788,57716,No
0.694125,157.37,0.089333,0,58.913333,5.38,0.112042,1228893.2,1663653.6,530.98,?,?,?,?,?,1788,57716,No
0.314878,151.556667,0.0905,0,45.86,3.91,0.081426,1228919.2,1663653.6,536.37,?,?,?,?,?,1788,57716,No
0.559547,158.4,0.077167,0,49.506667,3.58,0.074554,1024116.8,1386378,541.89,?,?,?,?,?,1788,57716,No
0.343103,188.02,0.096667,0,47.533333,4.11,0.085592,1229017.6,1663653.6,547.63,?,?,?,?,?,1788,57716,No
0.581212,156.513333,0.0775,0,49.586667,3.04,0.06331,819538.8,1109102.4,552.55,?,?,?,?,?,1788,57716,No
2.340687,163.63,0.103167,0,67.136667,2.23,0.046667,614792.8,831826.8,557.09,62.15,1.293842,534730,566284.8,84021.48,1788,57716,No
1.336783,161.04,0.102833,0,64.243333,4.53,0.094337,819787.6,1109102.4,564.17,?,?,?,?,?,1788,57716,No
0.445805,152.84,0.085167,0,55.673333,4.08,0.084968,1229680.8,1663653.6,570.73,?,?,?,?,?,1788,57716,No
0.945979,173.696667,0.085667,0,55.673333,3.51,0.073098,1024750.4,1386378,576.4,?,?,?,?,?,1788,57716,No
3.255431,184.746667,0.085667,0,53.206667,136.81999,2.849305,821926,1109719.2,714.93,?,?,?,?,?,1788,57716,No
0.698081,156.646667,0.094333,0,54.786667,3.49,0.072681,1028284.4,1387406,721.42,?,?,?,?,?,1788,57716,No
0.562251,153.27,0.089,0,56.053333,3.23,0.067463,1028287.2,1387406,726.79,?,?,?,?,?,1788,57716,No
0.834943,156.153333,0.1045,0,65.68,4.54,0.094545,1028278.4,1387406,732.98,?,?,?,?,?,1788,57716,No
0.452887,151.42,0.095333,0,51.153333,2.43,0.050606,616963.2,832443.6,738.03,?,?,?,?,?,1788,57716,No
2.970654,161.706667,0.103333,0,67.486667,3.98,0.08314,1028308.4,1387406,745.14,55.739998,1.16083,356812,377832.4,84077.22,1788,57716,No
0.443302,194.016667,0.0915,0,47.37,5,0.104126,1439520.8,1942368.4,751,5.36,0.11162,178558.4,189068.4,84082.58,1788,57716,No
0.569455,155.836667,0.0705,0,49.76,4.21,0.087676,1233258,1664887.2,757.34,?,?,?,?,?,1788,57716,No
0.436638,152.703333,0.106833,0,51.846667,4.95,0.103341,1233362,1664887.2,764.02,?,?,?,?,?,1788,57716,No
0.75412,176.81,0.082667,0,59.78,8.74,0.182013,1850157.6,2497330.8,773.2,?,?,?,?,?,1788,57716,No
0.399348,159.59,0.104333,0,48.62,6.9,0.143695,1846558.4,2497330.8,780.57,?,?,?,?,?,1788,57716,No
0.663502,164.26,0.071167,0,52,5.29,0.110167,1228451.6,1664887.2,787.76,?,?,?,?,?,1788,57716,No
0.459759,206.056667,0.096667,0,47.46,6.11,0.127244,1636657.2,2219849.6,794.77,?,?,?,?,?,1788,57716,No
0.717248,180.75,0.073667,0,50.426667,5.02,0.104544,1432261.2,1942368.4,800.69,?,?,?,?,?,1788,57716,No
1.92111,185.453333,0.103667,0,64.96,5.27,0.110036,1227728.8,1664887.2,808.33,43.539997,0.906747,357118.4,378139.2,84126.12,1788,57716,No
1.123263,163.683333,0.0935,0,63.536667,6.39,0.133072,1430374.4,1942368.4,815.63,17.05,0.355068,178558.4,189068.4,84143.17,1788,57716,No
0.327479,153.15,0.119333,0,47.433333,5.49,0.11433,1627752.8,2219849.6,822.52,?,?,?,?,?,1788,57716,No
0.774948,158.046667,0.084833,0,52.713333,4.47,0.093365,1012441.6,1387406,829.29,?,?,?,?,?,1788,57716,No
1.083469,187.29,0.084,0,48.366667,39.449997,0.821562,830204.8,1129585.6,871.09,?,?,?,?,?,1788,57716,No
0.590587,156.313333,0.089167,0,52.933333,4.9,0.102042,1465908,1988243.6,877.44,?,?,?,?,?,1788,57716,No
0.410807,153.463333,0.087667,0,52.733333,4.61,0.096217,1256511.2,1704208.8,884.43,?,?,?,?,?,1788,57716,No
0.739119,156.903333,0.098667,0,58.273333,7.24,0.150776,1881738.4,2556313.2,892.15,?,?,?,?,?,1788,57716,No
0.340128,152.746667,0.083167,0,47.106667,5.89,0.122661,1656220.8,2272278.4,899,?,?,?,?,?,1788,57716,No
2.533581,166.96,0.088333,0,66.643333,4.87,0.101421,1230566,1704208.8,905.8,60.199997,1.263701,535690,567207.2,84203.37,1788,57716,No
0.341229,187.4,0.0945,0,46.76,5.19,0.108084,1423841.6,1988243.6,911.94,?,?,?,?,?,1788,57716,No
0.601837,156.193333,0.072167,0,49.36,6.91,0.143903,2019530.8,2840348,919.32,?,?,?,?,?,1788,57716,No
0.437263,152.313333,0.088833,0,50.92,6.47,0.134916,1809855.6,2556313.2,926.28,?,?,?,?,?,1788,57716,No
0.735348,157.03,0.109833,0,64.58,6.58,0.137031,1402003.2,1988243.6,934.25,?,?,?,?,?,1788,57716,No
0.3406,153.523333,0.084833,0,47.3,6.69,0.13932,1798136.4,2556313.2,941.43,?,?,?,?,?,1788,57716,No
0.581839,153.546667,0.091167,0,50.08,6.11,0.127243,1596758,2272278.4,948.52,?,?,?,?,?,1788,57716,No
0.374558,187.36,0.091333,0,47.113333,7.03,0.146402,1993381.2,2840348,955.55,?,?,?,?,?,1788,57716,No
0.589337,155.623333,0.079333,0,50.22,6.8,0.141613,1791990.8,2556313.2,962.83,?,?,?,?,?,1788,57716,No
2.545883,163.693333,0.119,0,70.623333,7.66,0.159693,1990215.6,2840348,970.49,59.5,1.245099,535931.2,567411.6,84262.87,1788,57716,No
0.764531,166.923333,0.101167,0,64.866667,8.900001,0.185343,1990334.8,2840348,979.39,?,?,?,?,?,1788,57716,No
0.365602,152.54,0.081333,0,46.046667,7.089999,0.147653,1990235.2,2840348,986.48,?,?,?,?,?,1788,57716,No
0.791824,156.673333,0.0945,0,52.38,7.39,0.154093,1989231.6,2840348,993.87,?,?,?,?,?,1788,57716,No
1.307207,201.44,0.088333,0,45.84,53.45,1.113123,1997113.6,2840348,1047.32,?,?,?,?,?,1788,57716,No
0.628508,152.81,0.076833,0,48.94,7.33,0.152651,2001162,2840348.4,1054.65,?,?,?,?,?,1788,57716,No
0.433726,151.663333,0.097833,0,49.66,7.57,0.157832,2001656.8,2840348,1062.22,?,?,?,?,?,1788,57716,Yes
0.827861,157.116667,0.103833,0,57.28,9.78,0.203672,2001908.4,2840348,1072,?,?,?,?,?,1788,57716,No
0.384767,162.776667,0.075833,0,44.34,7.55,0.157232,2002072.8,2840348,1079.55,?,?,?,?,?,1788,57716,No
2.570662,161.936667,0.114333,0,64.73,7.75,0.161807,2002330.4,2840348,1087.3,59.24,1.234327,536118,567615.6,84322.12,1788,57716,No
0.371434,177.693333,0.0825,0,47.386667,8.22,0.171184,2002468,2840348,1095.52,?,?,?,?,?,1788,57716,No
0.862654,148.64,0.095333,0,51.793333,18.8,0.391508,2004553.6,2840348,1114.32,?,?,?,?,?,1788,57716,No
0.729117,161.386667,0.089,0,52.853333,18.330002,0.383401,2005448,2840348,1132.65,?,?,?,?,?,1788,57716,No
0.946099,164,0.0905,0,57.226667,29.499998,0.614338,2005874.8,2840348,1162.15,?,?,?,?,?,1788,57716,No
0.634126,145.55,0.076833,0,46.746667,19.000002,0.395672,2004603.2,2840348,1181.15,?,?,?,?,?,1788,57716,No
0.613294,148.786667,0.081667,0,49.14,19.19,0.399837,2005328.8,2840348,1200.34,?,?,?,?,?,1788,57716,No
0.704118,181.466667,0.077167,0,46.04,23.51,0.489601,2005271.6,2840348,1223.85,?,?,?,?,?,1788,57716,No
0.602253,148.46,0.0835,0,48.066667,19.68,0.409844,2005295.6,2840348,1243.53,?,?,?,?,?,1788,57716,No
2.48433,151.3,0.097407,0,61.837037,23.800001,0.497551,2004731.6,2840348,1267.33,59.179996,1.236899,536376.4,567821.6,84381.3,1788,57716,No
1.175549,150.6,0.108167,0,63.82,42.43,0.883612,2005890.4,2840348,1309.76,?,?,?,?,?,1788,57716,No
0.725952,145.593333,0.098333,0,45.686667,24.47,0.509597,2004893.6,2840348,1334.23,?,?,?,?,?,1788,57716,No
0.911608,150.003333,0.077333,0,49.78,27.640001,0.575971,2006198,2840348,1361.87,?,?,?,?,?,1788,57716,No
8.82905,148.263333,0.088,0,43.753333,413.88,8.619122,2010376.4,2847955.2,1775.75,?,?,?,?,?,1788,57716,No
12.756521,98.35,0.102333,0.56,47.146667,602.9,12.555474,2014495.6,2864442.4,2378.65,?,?,?,?,?,1788,57716,No
12.814301,96.116667,0.094,0,47.386667,599.37,12.50259,2015155.6,2867109.6,2978.02,?,?,?,?,?,1788,57716,Yes
0.508508,113.603333,0.103,0,72.353333,3.68,0.076635,802242,1154848,604.88,?,?,?,?,?,1796,57716,No
0.327685,111.066667,0.105667,0,58.653333,4.82,0.100378,962736.4,1385817.6,611.1,?,?,?,?,?,1796,57716,No
0.348311,110.533333,0.092,0,59.386667,3.94,0.082051,802318.4,1154848,618.27,?,?,?,?,?,1796,57716,No
2.410469,122.913333,0.117833,0,77.923333,5.63,0.117243,1283705.2,1847756.8,624.85,67.08,1.396879,586874.8,618182.8,102120.41,1796,57716,No
0.331992,121.77,0.109833,0,59.053333,3.46,0.072054,641852.4,923878.4,630.17,?,?,?,?,?,1796,57716,No
0.34102,145.603333,0.0895,0,61.033333,3.97,0.082675,805335.2,1154848,637.34,?,?,?,?,?,1796,57716,No
0.564128,114.123333,0.119,0,72.04,7.32,0.152439,968512,1385817.6,646.52,?,?,?,?,?,1796,57716,No
0.342478,110.356667,0.0855,0,59.213333,3.37,0.070181,807102,1154848,651.29,?,?,?,?,?,1796,57716,No
0.317269,110.386667,0.109667,0,60.946667,4.25,0.088507,968565.2,1385817.6,658.3,?,?,?,?,?,1796,57716,No
0.333311,113.53,0.088667,0,65.953333,5.36,0.111623,1291484.4,1847756.8,664.6,?,?,?,?,?,1796,57716,No
1.043676,110.31,0.113667,0,59.8,39.149998,0.815486,973197.2,1386126,705.18,?,?,?,?,?,1796,57716,No
0.392712,146.353333,0.095833,0,63.326667,5.62,0.117034,1305193.6,1848579.2,712.24,?,?,?,?,?,1796,57716,No
2.703564,124.72,0.123,0,90.623333,5.379999,0.112038,1305245.2,1848579.2,718.11,?,?,?,?,?,1796,57716,No
0.32748,111.24,0.090167,0,59.766667,4.33,0.090353,978969.2,1386434.4,724.38,?,?,?,?,?,1796,57716,No
0.333517,109.876667,0.109,0,59.48,6.230001,0.129739,1456494,2079651.6,731.57,66.1,1.376538,587300.8,618733.6,102186.51,1796,57716,No
0.363727,111.443333,0.081333,0,60.033333,5.83,0.121411,1276986,1848579.2,738.38,?,?,?,?,?,1796,57716,No
0.338519,111.726667,0.122667,0,60.94,7.25,0.151246,1587514.4,2310724,745.63,?,?,?,?,?,1796,57716,No
0.393305,146.576667,0.100167,0,65.906667,7.47,0.155562,1578754.4,2310724,753.1,?,?,?,?,?,1796,57716,No
0.509964,114.173333,0.121167,0,74.433333,7.009999,0.145983,1570936,2310724,760.11,?,?,?,?,?,1796,57716,No
0.371427,110.54,0.0945,0,60.726667,7.04,0.146785,1564669.6,2310724,767.15,?,?,?,?,?,1796,57716,No
1.019311,110.083333,0.100667,0,73.636667,7.329999,0.152649,1559830,2310724,774.48,?,?,?,?,?,1796,57716,No
2.522124,121.94,0.166,0,79.983333,7.209999,0.150138,1558968.4,2310724,781.69,65.590004,1.365488,587797.2,619316.8,102252.1,1796,57716,No
0.473095,111.793333,0.094333,0,63.58,7.12,0.148579,1557294,2310724,788.81,?,?,?,?,?,1796,57716,No
0.522669,146.753333,0.122167,0,67.366667,7.529999,0.156814,1555384.8,2310724,796.34,?,?,?,?,?,1796,57716,No
0.700371,137.513333,0.112833,0,79.893333,7.22,0.150359,1554186,2310724,803.56,?,?,?,?,?,1796,57716,No
6.044035,9049.006667,0.191333,0,282.786667,8.610001,0.179632,1552768.8,2310724,812.17,?,?,?,?,?,1796,57716,No
6.376545,9565.176667,0.1935,0,295.726667,8.059999,0.167854,1551116,2310724,820.23,?,?,?,?,?,1796,57716,No
6.722178,9590.226667,0.194833,0,291.62,7.77,0.161813,1549610,2310724,828,?,?,?,?,?,1796,57716,No
7.313369,9551.926667,0.187333,0,293.866667,59.340004,1.236026,1548542.4,2311443.6,887.34,?,?,?,?,?,1796,57716,No
6.281899,9519.506667,0.189667,0,293.42,12.11,0.252193,1548481.6,2312780,899.45,?,?,?,?,?,1796,57716,No
8.523598,9442.19,0.207333,0,316.183333,7.63,0.158892,1548526.4,2312780,907.08,65.73,1.368663,587797.6,619316.8,102317.83,1796,57716,No
6.190081,9454.38,0.167,0,288.113333,7.55,0.157482,1548546.4,2312780,914.63,?,?,?,?,?,1796,57716,No
6.224624,9464.703333,0.186167,0,287.166667,7.96,0.165768,1548599.6,2312780,922.59,?,?,?,?,?,1796,57716,No
6.176047,9417.54,0.1715,0,287.106667,8.35,0.173892,1550694.4,2312780,930.94,?,?,?,?,?,1796,57716,No
6.42038,9454.79,0.188167,0,287.826667,18.54,0.387726,1555970.4,2312780,949.48,?,?,?,?,?,1796,57716,No
6.448125,9491.346667,0.188167,0,291.12,18.970001,0.395057,1556872.8,2312780,968.45,?,?,?,?,?,1796,57716,No
6.672527,9372.276667,0.195,0,298.48,23.160002,0.482304,1556943.6,2312780,991.61,?,?,?,?,?,1796,57716,No
6.555854,9436.1,0.190333,0,288.673333,24.33,0.508412,1557273.2,2312985.6,1015.94,?,?,?,?,?,1796,57716,No
6.431668,9370.09,0.194,0,284.593333,22.930002,0.477521,1557659.6,2313808,1038.87,?,?,?,?,?,1796,57716,No
8.666804,9308.733333,0.187833,0,301.016667,28.04,0.583942,1557887.6,2313808,1066.91,67.3,1.401583,588081.6,619522,102385.13,1796,57716,No
6.519384,9290.54,0.182333,0,283.426667,28.159998,0.586818,1557969.6,2359683.2,1095.07,?,?,?,?,?,1796,57716,No
11.781473,9319.146667,0.2175,1.613333,286.193333,276.24,5.752788,1559660.4,2385951.2,1371.31,?,?,?,?,?,1796,57716,No
18.618381,9299.076667,0.189,0,297.566667,600.28,12.501093,1562171.2,2403969.2,1971.59,?,?,?,?,?,1796,57716,No
18.565191,9361.796667,0.166333,0,280.546667,599.2999,12.501327,1562188.8,2404072,2570.89,?,?,?,?,?,1796,57716,No
18.630749,9400.22,0.2565,3.653333,290.133333,603.68,12.571715,1572065.2,2425428.8,3174.57,?,?,?,?,?,1796,57716,No
18.587065,9355.003333,0.184167,0,279.626667,600.11,12.4975,1575226,2430029.2,3774.68,?,?,?,?,?,1796,57716,Yes
18.601856,9356.84,0.175167,0,280.753333,599.29004,12.501223,1571272,2416408,4373.97,?,?,?,?,?,1796,57716,No
18.588654,9417.64,0.184333,0,287.58,600,12.495053,1571110.4,2413118.4,4973.97,?,?,?,?,?,1796,57716,No
18.32416,9312.906667,0.1485,0,264.46,601.38,12.524783,1600332.8,2461550.4,13334.1,?,?,?,?,?,1792,57712,No
18.4084,9358.303333,0.157333,0.266667,262.233333,601.11,12.51929,1600253.2,2460614,13935.21,?,?,?,?,?,1792,57712,No
6.959415,2153.756667,0.160667,3.173333,114.933333,60.13,1.252395,160000.8,245738.8,13995.34,44.45,0.925718,135553.6,156465.6,18558.53,1792,57712,No
5.988621,9324.673333,0.164167,0,265.58,7.95,0.165572,1161837.6,2390244,126.88,?,?,?,?,?,1792,57712,No
5.936448,9423.433333,0.144667,0,260.36,5.84,0.121626,926312,1912709.2,133.48,?,?,?,?,?,1792,57712,No
5.95219,9459.583333,0.155667,0,264.513333,5.34,0.111642,915990.8,1913017.6,139.64,?,?,?,?,?,1792,57712,No
5.983205,9355.216667,0.159833,0,266.1,6.82,0.142038,682690.4,1434763.2,148.18,?,?,?,?,?,1792,57712,No
5.93447,9320.643333,0.153,0,264.426667,4.04,0.084139,563411.6,1195636,154.45,?,?,?,?,?,1792,57712,No
5.9249,9401.12,0.154167,0,261.373333,6.16,0.128292,785459.6,1673890.4,161.99,?,?,?,?,?,1792,57712,No
5.906751,9409.87,0.157667,0,262.613333,2.77,0.057933,448758.4,956508.8,167.44,?,?,?,?,?,1792,57712,No
5.920525,9475.92,0.1575,0,262.733333,4.04,0.08414,561159.2,1195636,173.65,?,?,?,?,?,1792,57712,No
7.357086,9564.433333,0.165833,0,284.025,8.55,0.178058,914040.4,1930316.8,182.99,45,0.936794,203436,234902.8,18603.53,1792,57712,No
5.992997,9411.43,0.159,0,267.92,4.01,0.083515,584907.6,1219614.8,188.67,?,?,?,?,?,1792,57712,No
1.307205,1427.296667,0.077167,0,74.188333,5.44,0.113295,352970.4,731440.8,194.49,?,?,?,?,?,1792,57712,No
0.082704,60.816667,0.055333,0,27.206667,?,?,?,?,?,?,?,?,?,?,1792,57712,No
0.082703,16.843333,0.043667,0,25.146667,?,?,?,?,?,?,?,?,?,?,1792,57712,No
2.734615,1155.396667,0.158667,3.353333,61.428333,2.385457,533098.4,533098.4,1290965.6,114.54,?,?,?,?,?,1792,57712,No
0.240818,143.356667,0.0635,0,34.173333,0.051233,219630,219630,462572,119.71,?,?,?,?,?,1792,57712,No
0.319354,148.316667,0.092833,0,62.54,0.022284,219822.4,219822.4,462674.8,124.95,?,?,?,?,?,1792,57712,No
0.357686,615.756667,0.063833,0,41.92,0.136186,565186,565186,1174096.8,133.52,?,?,?,?,?,1792,57712,No
1.498028,156,0.073667,0,49.343333,0.063729,452375.6,452375.6,939606.4,138.81,44.76,0.932185,203781.2,235209.2,18648.29,1792,57712,No
0.195822,170.68,0.051833,0,34.473333,0.047276,451521.2,451521.2,939606.4,142.85,?,?,?,?,?,1792,57712,No
0.44351,671.98,0.122,0.56,59.646667,0.08559,445410.8,445410.8,939811.2,150.04,?,?,?,?,?,1792,57712,No
0.186655,119.956667,0.061,0,33.866667,0.02999,220154.4,220154.4,470008,154.73,?,?,?,?,?,1792,57712,No
0.21707,106.143333,0.0865,0,36.986667,0.031863,220231.2,220231.2,470008,158.25,?,?,?,?,?,1792,57712,No
0.226026,104.643333,0.070667,0,36.093333,0.016661,110144.8,110144.8,235004,161.88,?,?,?,?,?,1792,57712,No
0.177906,106.126667,0.068167,0,33.033333,0.035822,220876.8,220876.8,470008,166.36,?,?,?,?,?,1792,57712,No
0.184571,106.46,0.068,0,33.793333,0.034363,221242.4,221242.4,470008,172.03,?,?,?,?,?,1792,57712,No
0.700086,141.243333,0.074167,0,44.516667,0.021034,111170,111170,235004,175.34,?,?,?,?,?,1792,57712,No
1.683013,117.48,0.090167,0,55.256667,0.090909,558644.4,558644.4,1175020,182.59,44.61,0.929056,136063.6,156977.2,18692.9,1792,57712,No
0.345395,113.496667,0.083167,0,44.313333,0.019368,113151.2,113151.2,235004,185.92,?,?,?,?,?,1792,57712,No
0.360393,106.646667,0.0765,0,44.293333,0.036031,227906.4,227906.4,470008,190.95,?,?,?,?,?,1792,57712,No
0.304773,106.513333,0.0875,0,40.293333,0.035613,229479.2,229479.2,470008,196.19,?,?,?,?,?,1792,57712,No
0.297064,106.706667,0.061333,0,39.186667,0.036982,227878.4,227878.4,470008,200.82,?,?,?,?,?,1792,57712,No
0.599547,144.506667,0.084667,0,42.92,0.326557,489114,489114,959676.8,218.88,?,?,?,?,?,1792,57712,No
0.509549,103.97,0.057667,0,30.06,0.091011,754576.4,754576.4,1449756.8,224.93,?,?,?,?,?,179.2,5771.2,No
0.253323,106.393333,0.087833,0,40.28,0.041861,381662,381662,724981.2,230.28,?,?,?,?,?,5312,115432,No
1.548448,119.59,0.077333,0,53.523333,0.050815,389630.4,389630.4,724981.2,234.72,44.75,0.931963,204441.6,235824,18737.65,5312,115432,No
0.180198,105.216667,0.055833,0,34.273333,0.037071,397739.2,397739.2,724981.2,239.27,?,?,?,?,?,5312,115432,No
0.189363,106.343333,0.074833,0,33.833333,0.053525,531762.8,531762.8,966641.6,245.01,?,?,?,?,?,5312,115432,No
0.207695,145.533333,0.072,0,34.753333,0.054407,529065.6,529065.6,966641.6,249.47,?,?,?,?,?,5312,115432,No
0.198946,107.343333,0.064167,0,34.26,0.051857,522900.4,522900.4,966641.6,254.47,?,?,?,?,?,5312,115432,No
0.280606,117.64,0.083333,0,41.566667,0.053523,385867.2,385867.2,725084,259.85,?,?,?,?,?,5312,115432,No
0.250818,110.773333,0.062,0,37.393333,0.05873,507752,507752,967052.8,264.66,?,?,?,?,?,5312,115432,No
1.042719,114.356667,0.089167,0,78.993333,0.077057,758472.4,758472.4,1450579.2,269.98,?,?,?,?,?,5328.8,115432,No
0.209154,111.383333,0.059167,0,33.033333,0.084763,630107.6,630107.6,1208816,276.92,?,?,?,?,?,5396,115432,No
1.531981,158.99,0.073,0,49.418333,0.112045,877294.4,877294.4,1692445.2,283.44,44.879997,0.934692,136453.6,157388,18782.53,5396,115432,No
0.210612,110.063333,0.064167,0,36.613333,0.071219,623748,623748,1209330,288.13,?,?,?,?,?,5396,115432,No
0.266024,111.296667,0.0825,0,38.013333,0.067269,497744,497744,967464,294.74,?,?,?,?,?,5396,115432,No
0.677041,115.273333,0.075833,0,43.313333,0.138284,870207.2,870207.2,1693164.8,302.63,?,?,?,?,?,4316.8,92345.6,No
0.179364,109.926667,0.078667,0,32.633333,0.03603,373750.8,373750.8,725906.4,306.48,?,?,?,?,?,1792,57712,No
0.185818,110.78,0.066833,0,32.56,0.067269,746706.4,746706.4,1451812.8,312.2,?,?,?,?,?,1792,57712,No
0.485778,160.106667,0.071833,0,37.46,0.346971,794409.2,794409.2,1451812.8,330.12,?,?,?,?,?,1792,57712,No
0.193946,110.07,0.0715,0,34.673333,0.066229,667544.8,667544.8,1209844,334.99,?,?,?,?,?,1792,57712,No
0.248317,112.72,0.065833,0,39.166667,0.068519,801117.6,801117.6,1451812.8,340.9,?,?,?,?,?,1792,57712,No
1.547826,121.743333,0.083667,0,53.531667,0.061646,667628,667628,1209844,345.63,45.03,0.937845,136623.6,157592.8,18827.56,1792,57712,No
0.180821,109.963333,0.0685,0,33.433333,0.048317,534116.4,534116.4,967875.2,350.08,?,?,?,?,?,1792,57712,No
0.198321,112.843333,0.071,0,33.9,0.089327,934750,934750,1693781.6,356.47,?,?,?,?,?,1792,57712,No
0.224778,150.876667,0.063667,0,35.093333,0.086848,795710,795710,1451812.8,361.93,?,?,?,?,?,1792,57712,No
0.188737,110.68,0.074667,0,34.686667,0.063313,659359.2,659359.2,1209844,366.65,?,?,?,?,?,1792,57712,No
0.265844,112.483333,0.0675,0,39.646667,0.077929,658510.4,658510.4,1209844,373.28,?,?,?,?,?,1792,57712,No
0.256649,111.356667,0.0705,0,37.453333,0.084555,790340,790340,1451812.8,378.55,?,?,?,?,?,1792,57712,No
0.193113,109.726667,0.072,0,33.853333,0.070186,658502.4,658502.4,1209844,383.59,?,?,?,?,?,1792,57712,No
0.201238,111.423333,0.058333,0,33.826667,0.096844,912664,912664,1693781.6,390.38,?,?,?,?,?,1792,57712,No
1.524482,159.05,0.079667,0,50.983333,0.090592,772280,772280,1451812.8,396.03,45.019997,0.937613,136820.8,157796,18872.58,1792,57712,No
0.217279,109.71,0.051167,0,35.533333,0.074975,634974.8,634974.8,1209844,401.84,?,?,?,?,?,1792,57712,No
0.27394,111.563333,0.088167,0,42.866667,0.091634,755078.4,755078.4,1451812.8,408.53,?,?,?,?,?,1792,57712,No
0.268315,112.153078,0.062063,0,38.362729,0.094978,873979.2,873979.2,1693781.6,414.4,?,?,?,?,?,1792,57712,No
0.217015,109.986644,0.067947,0,33.622705,0.11038,992047.6,992047.6,1935750.4,420.64,?,?,?,?,?,1792,57712,No
0.239151,111.993333,0.081667,0,33.893333,0.147659,1109737.6,1109737.6,2177719.2,428.21,?,?,?,?,?,1792,57712,No
0.840368,149.076667,0.066,0,34.86,0.709357,965594.4,965594.4,1693781.6,463.68,?,?,?,?,?,1792,57712,No
0.20707,112.32,0.058,0,36.96,0.073725,893497.6,893497.6,1451812.8,468.6,?,?,?,?,?,1792,57712,No
0.254151,120.693333,0.070667,0,39.14,0.070183,744638,744638,1209844,474.42,?,?,?,?,?,1792,57712,No
1.569899,123.503333,0.094167,0,52.623333,0.06352,745377.2,745377.2,1209844,479.14,44.79,0.932833,137036,158102.4,18917.37,1792,57712,No
0.199571,110.986667,0.071667,0,34.04,0.079972,898221.6,898221.6,1451812.8,484.15,?,?,?,?,?,1792,57712,No
0.197817,111.24,0.051667,0,33.846667,0.083306,898920.4,898920.4,1451812.8,490.67,?,?,?,?,?,1792,57712,No
0.223318,149.25,0.087167,0,34.766667,0.089554,899127.2,899127.2,1451812.8,496.49,?,?,?,?,?,1792,57712,No
0.216236,111.343333,0.058833,0,35.193333,0.116211,1197248,1197248,1935750.4,502.83,?,?,?,?,?,1792,57712,No
0.271441,113.096667,0.0815,0,39.786667,0.090376,894996.8,894996.8,1451812.8,508.92,?,?,?,?,?,1792,57712,No
0.258941,112.326667,0.069,0,38.333333,0.080598,892979.2,892979.2,1451812.8,514.42,?,?,?,?,?,1792,57712,No
0.192905,111.206667,0.064167,0,33.5,0.069145,743609.2,743609.2,1209844,519.36,?,?,?,?,?,1792,57712,No
0.20478,111.32,0.0845,0,33.993333,0.087898,891872.8,891872.8,1451812.8,525.54,?,?,?,?,?,1792,57712,No
1.533026,160.426667,0.092,0,51.003333,0.113087,1039783.6,1039783.6,1693781.6,532.24,44.54,0.927627,137124.4,158104.8,18961.91,1792,57712,No
0.211589,109.733333,0.076,0,35.38,0.089762,891211.6,891211.6,1451812.8,537.44,?,?,?,?,?,1792,57712,No
0.289566,112.806667,0.061167,0,39.753333,0.118295,1187970,1187970,1935750.4,545.01,?,?,?,?,?,1792,57712,No
0.272066,111.283333,0.0905,0,38.226667,0.102918,1039322.4,1039322.4,1693781.6,550.78,?,?,?,?,?,1792,57712,No
0.204572,111.276667,0.047833,0,33.4,0.097466,1039537.6,1039537.6,1693781.6,557.18,?,?,?,?,?,1792,57712,No
0.209361,110.89,0.0795,0,33.613333,0.099342,1039746.8,1039746.8,1693781.6,563.23,?,?,?,?,?,1792,57712,No
0.697663,186.88,0.068833,0,37.18,0.571674,1053573.6,1053573.6,1693792.8,591.27,?,?,?,?,?,1792,57712,No
0.207626,111.048148,0.077593,0,35.607407,0.08893,921300.4,921300.4,1451846.4,597.78,?,?,?,?,?,1792,57712,No
1.035762,115.48,0.086,0,49.19,0.160154,1380261.2,1380261.2,2177769.6,605.9,21.86,0.455274,68604.8,79051.2,18983.77,1792,57712,No
0.87453,120.653333,0.0745,0,42.653333,0.09247,915530.4,915530.4,1451846.4,612.15,23.09,0.480881,68604.8,79051.2,19006.86,1792,57712,No
0.20332,111.16,0.075167,0,32.933333,0.100175,1061822.4,1061822.4,1693820.8,618.28,?,?,?,?,?,1792,57712,No
0.23436,113.473333,0.064667,0,33.706667,0.115378,1057377.2,1057377.2,1693820.8,625.18,?,?,?,?,?,1792,57712,No
0.226236,149.943333,0.068,0,34.26,0.093718,903540.4,903540.4,1451846.4,631.03,?,?,?,?,?,1792,57712,No
0.286232,112.44,0.076167,0,37.113333,0.167443,1052000,1052000,1693820.8,640.87,?,?,?,?,?,1792,57712,No
0.270608,113.226667,0.070667,0,38.773333,0.098718,1051340.4,1051340.4,1693820.8,647,?,?,?,?,?,1792,57712,No
0.272691,111.21,0.078833,0,37.966667,0.090177,751094.8,751094.8,1209872,653.16,?,?,?,?,?,1792,57712,No
0.207904,110.486667,0.0705,0,33.446667,0.091636,901039.2,901039.2,1451846.4,659.85,?,?,?,?,?,1792,57712,No
1.513261,122.156667,0.078167,0,49.078333,0.092853,901004,901004,1451846.4,665.67,45.019997,0.937585,137351.6,158309.6,19051.88,1792,57712,No
0.250194,159.783333,0.053333,0,35.606667,0.131832,1203656,1203656,1935795.2,673.4,?,?,?,?,?,1792,57712,No
0.22936,111.416667,0.069667,0,35,0.103299,905835.2,905835.2,1451846.4,680.23,?,?,?,?,?,1792,57712,No
0.287274,112.693333,0.079,0,39.446667,0.120366,1208377.6,1208377.6,1935795.2,686.48,?,?,?,?,?,1792,57712,No
0.28269,113.026667,0.0705,0,37.946667,0.115795,1057405.6,1057405.6,1693820.8,693.95,?,?,?,?,?,1792,57712,No
0.210819,110.766667,0.086833,0,33.673333,0.10434,1057477.2,1057477.2,1693820.8,700.4,?,?,?,?,?,1792,57712,No
0.216028,111.146667,0.0535,0,33.773333,0.096844,904937.6,904937.6,1451846.4,706.48,?,?,?,?,?,1792,57712,No
6.262096,89.123333,0.0695,0,31.253333,6.159039,1531356.8,1531356.8,2422930.8,1002.67,?,?,?,?,?,1792,57712,No
12.597109,91.396667,0.069333,0.413333,30.313333,12.50315,1559782,1559782,2434444.4,1603.02,?,?,?,?,?,1792,57712,No
14.461804,68.623333,0.086,0.053333,67.356667,12.501407,1559880.8,1559880.8,2436911.6,2203.29,46.8,0.974643,206554.8,237976,19098.68,1792,57712,No
12.649262,55.916667,0.053,0.18,31.56,12.500443,1559892.4,1559892.4,2437220,2802.51,?,?,?,?,?,1792,57712,No
12.59502,57.29,0.0705,0.286667,27.513333,12.502708,1559958.4,1559958.4,2437734,3402.84,?,?,?,?,?,1792,57712,No
12.59614,56.986667,0.043,0,26.566667,12.500156,1560034,1560034,2438248,4003.05,?,?,?,?,?,1792,57712,No
12.600853,55.546667,0.070167,0,27.08,12.500625,1560071.2,1560071.2,2438248,4602.28,?,?,?,?,?,1792,57712,No
12.626112,89.82,0.046333,0,27.933333,12.500989,1560120,1560120,2438248,5202.52,?,?,?,?,?,1792,57712,No
12.681238,56.48,0.082167,0,38.166667,12.499505,1560120,1560120,2438248,5802.7,?,?,?,?,?,1792,57712,No
12.662187,55.5,0.049167,0,30.68,12.500417,1560120,1560120,2438248,6402.92,?,?,?,?,?,1792,57712,No
12.601322,54.3,0.062167,0,26.453333,12.500286,1560120,1560120,2438248,7002.13,?,?,?,?,?,1792,57712,No
11.934829,66.623333,0.074167,0,43.491667,10.000208,1248096,1248096,1950598.4,7482.3,45.88,0.9555,206857.6,238283.2,19144.56,1792,57712,No
2.575464,199.126667,0.154,3.18,58.801667,106.12,2.210183,507294.8,1305060,107.02,?,?,?,?,?,1792,57712,No
0.229363,111.073333,0.0745,0,35.093333,3.74,0.077893,427757.6,912528,112.97,?,?,?,?,?,1792,57712,Yes
0.344352,254.273333,0.068833,0,47.606667,2.34,0.048733,212336.8,456469.6,119.16,?,?,?,?,?,1792,57712,No
6.184665,9814.056667,0.155667,0,275.02,6.08,0.126626,424554.4,912939.2,126.42,?,?,?,?,?,1792,57712,No
5.99965,9832.756667,0.155833,0,271.5,0.8,0.01666,105883.2,228234.8,130.4,?,?,?,?,?,1792,57712,No
6.011999,9780.98,0.144,0,270.573333,2.69,0.056254,420998.4,912939.2,136.3,?,?,?,?,?,1792,57712,No
5.924483,9610.4,0.1645,0,266.453333,1.78,0.037071,314192.8,685012.8,140.24,?,?,?,?,?,1792,57712,No
7.211753,9493.433333,0.164,0,280.723333,2.23,0.046443,312524.8,685012.8,144.56,45.27,0.942808,138199.2,159126.4,19189.83,1792,57712,No
5.966981,9492.936667,0.153,0,269.873333,?,?,?,?,?,?,?,?,?,?,1792,57712,No
5.903859,9546.226667,0.152667,0,269.293333,0.5,0.010413,102247.2,228337.6,150.54,?,?,?,?,?,1792,57712,No
5.905734,9510.166667,0.149333,0,264.086667,3.01,0.062689,306126,685012.8,158.21,?,?,?,?,?,1792,57712,No
5.937374,9480.82,0.1535,0,263.146667,0.61,0.012704,101376.8,228337.6,160.89,?,?,?,?,?,1792,57712,No
5.91468,9590.733333,0.154667,0,266.32,1.66,0.034572,304192.8,685012.8,166.28,?,?,?,?,?,1792,57712,No
5.89054,9521.953333,0.1555,0,267.44,1.64,0.034155,202843.6,456675.2,169.01,?,?,?,?,?,1792,57712,No
6.003646,9477.676667,0.154667,0,271.56,3.7,0.077058,609552.4,1371053.6,176.64,?,?,?,?,?,1792,57712,No
6.042185,9521.646667,0.157167,0,272.833333,9.03,0.188298,1027678.8,2318731.2,185.67,?,?,?,?,?,1792,57712,No
7.323369,9545.47,0.165167,0,284.925,9.160001,0.190772,1045064,2359824,194.83,45.36,0.944689,138280.4,159231.2,19235.19,1792,57712,No
6.05406,9493.026667,0.151,0,270.26,10.42,0.217015,1048926.4,2359824,205.25,?,?,?,?,?,1792,57712,No
6.380683,9524.13,0.1555,0,273.3,26.63,0.554609,1193549.2,2360646.4,231.88,?,?,?,?,?,1792,57712,No
6.062809,9468.13,0.152,0,270.706667,12.2,0.254716,1218452.4,2361366,244.08,?,?,?,?,?,1792,57712,No
6.195264,9499.806667,0.163833,0,281.36,12.97,0.270123,1183567.2,2361880,257.05,?,?,?,?,?,1792,57712,No
6.190255,9496.27,0.1575,0,277.64,13.509999,0.281369,1165617.2,2361880,270.56,?,?,?,?,?,1792,57712,No
6.133222,9530.02,0.1525,0,273.693333,14.02,0.292416,1160278.8,2361880,284.58,?,?,?,?,?,1792,57712,No
6.137155,9479.236667,0.1565,0,273.946667,15.09,0.314274,1160242.8,2361880,299.67,?,?,?,?,?,1792,57712,No
6.158625,9573.346667,0.160167,0,276.093333,15.56,0.324062,1163338.4,2361880,315.23,?,?,?,?,?,1792,57712,No
7.520233,9497.783333,0.178333,0,295.818333,19.19,0.399666,1167262.4,2361880,334.42,45.91,0.956135,138467.6,159434.8,19281.11,1792,57712,No
